Temperature,Humidity,Wind_Speed,Pressure,Visibility,Weather
14.9816047538945,61.526542810897446,33.6351497104449,1009.9649643503194,12.96513908155644,Cloudy ☁️
38.02857225639664,58.33455021037848,39.834069859568615,1005.6853927607652,3.4477272421033245,Sunny ☀️
29.279757672456203,22.051365264514857,12.523394939624948,994.4092262979765,17.4478912670963,Sunny ☀️
23.946339367881464,47.299826210092505,31.243704980349946,980.3232178894855,12.26232478138483,Sunny ☀️
6.240745617697461,50.41564950286856,28.587299157187434,1004.8119610950407,3.144077671139085,Cloudy ☁️
6.239780813448106,51.90582247175204,41.64151883941356,994.2812994281121,19.246761149624135,Sunny ☀️
2.3233444867279784,66.41378953818659,45.304353024063026,1016.7304150355268,10.367309266706412,Cloudy ☁️
34.647045830997406,62.68820373815028,0.6078385738693404,981.1973132635242,1.4579690374331,Cloudy ☁️
24.04460046972835,68.63240742347557,33.700995952939635,1009.2413905652895,12.536658088301344,Cloudy ☁️
28.322903111841818,81.19066092337026,2.5917899559864512,1027.0737118753032,5.0639781402562045,Cloudy ☁️
0.8233797718320979,85.03885909728749,27.442933253867796,988.720463355575,16.07386903754605,Rainy 🌧️
38.79639408647977,77.44984609811955,14.38163645218391,1003.5824745375297,16.356441471323812,Rainy 🌧️
33.29770563201687,96.44189567639478,15.33882997610706,984.5710995908569,19.578947117093236,Rainy 🌧️
8.493564427131046,21.45860661410893,17.64792517261783,1011.2840956130676,10.037390620490074,Sunny ☀️
7.272998688284025,35.662238854683686,31.064622452480506,1007.5265840298113,9.099137594554742,Sunny ☀️
7.336180394137353,20.605029998251368,16.70249828343846,1000.3682762106416,15.069512108929612,Sunny ☀️
12.169689718381509,71.79797713236823,36.63495252951402,1006.068851073687,2.6494131268385313,Rainy 🌧️
20.990257265289515,91.84244391599896,20.226369278693486,1024.8287329234506,10.938310275862484,Cloudy ☁️
17.27780074568463,39.47858372610394,3.4176600154979306,989.8147151155533,10.924952002617019,Sunny ☀️
11.649165607921677,94.16276358370453,39.187992124205365,981.1282255852674,1.7894624562077444,Stormy ⛈️
24.47411578889518,24.821391223164866,14.2879162296353,1023.083244234955,8.359681710138272,Sunny ☀️
5.579754426081673,94.75488214444114,21.638343979963132,1008.8558541193953,17.065695971344038,Rainy 🌧️
11.685785941408726,48.12981497917075,34.27219416109508,1024.5329227730922,17.123072439893207,Sunny ☀️
14.654473731747668,28.11366627593732,16.6228078574356,1009.8472611706586,1.98475329839362,Cloudy ☁️
18.24279936868144,58.86974073490605,2.8292828073357814,1020.5080544979851,1.814417654956617,Cloudy ☁️
31.407038455720546,40.542125417640634,18.69605235064068,1001.4836681677574,5.2539095400387055,Sunny ☀️
7.986951286334389,42.78983215695383,47.22242913471517,1017.4929965644135,17.49532125107987,Sunny ☀️
20.569377536544465,44.58319719410292,32.08671986492791,1025.6520733444927,2.578051701469979,Sunny ☀️
23.6965827544817,84.24207182661307,33.57395743336035,1008.6061481861103,14.399936052548926,Rainy 🌧️
1.858016508799909,63.132902134020355,31.614107681881993,989.0392575281189,2.0233123922620644,Cloudy ☁️
24.301794076057533,44.90461593248029,9.949606947971839,993.4398807515099,12.462757074956507,Sunny ☀️
6.820964947491661,68.82670266487347,20.916693205114008,989.9322288448703,7.121345982382897,Cloudy ☁️
2.6020637194111806,77.29205393785548,37.54698991816591,992.3428513797867,15.77827925931734,Rainy 🌧️
37.95542149013333,41.8099200586827,5.068644877657958,995.3207724675518,4.673808976507273,Sunny ☀️
38.625281322982374,53.08392812202812,13.892638804485614,1007.7566893376594,12.784036587799196,Sunny ☀️
32.33589392465844,29.750887466955803,13.815955423292682,1009.3995814731917,4.713650691517699,Sunny ☀️
12.184550766934827,34.491947962774425,21.6009463797253,1001.3249873620931,14.273205662243075,Sunny ☀️
3.906884560255355,74.48942831719862,49.01843704710925,1010.7710389910418,17.473560691214974,Cloudy ☁️
27.369321060486275,34.515067815650156,3.375127334191097,984.0787462805683,2.536035982535201,Sunny ☀️
17.606099749584054,62.01307069336481,25.935049719029752,984.389411852908,17.33191377191007,Cloudy ☁️
4.881529393791153,76.72370093779462,8.968234100610523,988.5914730178829,11.871505088285959,Rainy 🌧️
19.807076404450807,28.55015384757951,48.53382727048721,1005.9038749020173,2.5422098173404795,Cloudy ☁️
1.3755408446087358,65.38497757031229,5.66517523637321,990.6997339349157,8.55083710719424,Cloudy ☁️
36.372816083151285,40.525022696109104,20.180050118079564,994.1642201746289,3.217205869701958,Sunny ☀️
10.351199264000677,97.03415001900639,36.89424924173031,1000.0156418086497,14.00695777733139,Rainy 🌧️
26.50089137415928,58.683651737593976,35.227721401372264,1020.593306200519,15.177362688358993,Sunny ☀️
12.468443043576439,84.47940398201266,21.136431844696613,980.693106795643,2.115930405455979,Rainy 🌧️
20.802720847112433,64.01812337250094,17.326208397635913,1012.4689410118311,10.122797053892887,Cloudy ☁️
21.868411173731186,23.473002628385533,19.88061892764353,1013.4438265520342,16.292501120518345,Sunny ☀️
7.394178221021082,70.65211004752179,13.213813157931964,1019.9327890178319,18.723260831019928,Cloudy ☁️
38.783385110582344,96.11226737653256,10.26664693533999,1026.6376469530157,10.270357334835401,Cloudy ☁️
31.005312934444582,68.1289456117065,24.1519848779445,981.0068924474645,19.00558447222814,Cloudy ☁️
37.579957662567566,85.53510875414321,13.426687803380366,987.6891852756609,10.713779409120596,Rainy 🌧️
35.79309401710595,90.73651706787263,14.373083244862507,1024.3085647027997,7.883809891998159,Cloudy ☁️
23.915999152443405,38.2463817559146,32.837803173727856,1002.9259281093508,16.96406257105791,Sunny ☀️
36.87496940092467,36.96358719265813,48.42686658499461,1008.2295319466732,9.859654209161782,Sunny ☀️
3.53970008207678,68.87847910807935,30.181860027968753,1013.1513601861574,9.438050211290461,Cloudy ☁️
7.839314496765808,52.882277584536375,3.848973353248314,1013.9533302247819,9.806249788196567,Sunny ☀️
1.8090915564215226,87.18890422933762,3.779180692703349,1026.5870201658254,16.93570003739491,Cloudy ☁️
13.013213230530575,92.00184987184089,47.5711610422783,1029.8474708705835,16.63883083376104,Cloudy ☁️
15.547091587579281,48.27371034421745,14.864539515366681,1016.007873046547,8.070399848804223,Sunny ☀️
10.853961270955836,38.94964471795856,4.603349304123771,994.3610604602576,6.6659971974105,Sunny ☀️
33.14950036607718,82.44204121950895,29.952229357519077,1023.9876201147172,9.838560480782586,Cloudy ☁️
14.270133067743572,41.984482843850884,31.182438914513305,982.461045727038,11.45545019474218,Sunny ☀️
11.23738038749523,85.80914548109428,32.42524100593441,991.5540426437248,4.766744212559939,Stormy ⛈️
21.70784332632994,53.89906029190102,13.370101392877064,1024.8692858731858,15.879101694311812,Sunny ☀️
5.636968998990506,73.40399194331764,0.7555342107237517,992.8095757219678,9.729655314648458,Rainy 🌧️
32.08787923016159,27.642825106773454,48.25076847272359,991.0325529810874,6.680910968399192,Sunny ☀️
2.982025747190833,69.90874597412585,12.544652284555124,986.9062646570123,2.1364198592798123,Cloudy ☁️
39.47547746402069,56.14141429897833,33.801314402627376,1022.9555878823459,4.776903208072138,Sunny ☀️
30.889790771866295,66.92867705403793,35.331493493935476,1005.0029129595544,18.985623435119674,Cloudy ☁️
7.948627261366896,33.441136619589074,30.500370853974285,1013.7446601527078,6.101993736390532,Sunny ☀️
0.22088468494409597,78.94989959553456,15.645369710682411,991.9533192037514,3.3771857873407063,Rainy 🌧️
32.618457138193364,89.02376620345828,13.554812688203288,1017.9020210505608,9.213455833099864,Cloudy ☁️
28.274293753904686,37.33918400726205,29.883414135135155,1018.0002772481049,6.141754867204973,Sunny ☀️
29.160286721639494,27.657164441612938,43.304781680584576,995.629901245415,0.7031850054238831,Sunny ☀️
30.85081386743783,21.89108688370691,47.33668644616978,1000.5341316505142,6.4629043455883455,Sunny ☀️
2.9617860693636144,71.35772003546128,5.295290220187882,990.48451387151,10.882172478789371,Rainy 🌧️
14.338629141770905,68.56752288710246,7.7414306298859925,1028.8280511661453,11.034247440399339,Cloudy ☁️
4.634762381005189,63.7357930171256,47.236812939153985,1012.2801288529206,7.131178423537774,Cloudy ☁️
34.52413703502374,38.555767689278035,36.82676141673963,1026.7271940357757,8.946055125052013,Sunny ☀️
24.931925073102317,51.27247967244117,44.149691241488654,995.1692771814567,19.31035836469533,Sunny ☀️
13.235920994105967,67.55810681489385,10.131631706767157,1019.0945456498445,7.546969544606233,Cloudy ☁️
2.5423340114409454,59.741348708733554,29.379293555470092,1018.2929321942371,5.16453626519966,Sunny ☀️
12.439292868626488,99.02284161719098,35.056979720873684,1014.5827825933271,4.869340881335202,Cloudy ☁️
13.007332881069882,30.91518020453865,34.00559427234863,1028.28194876334,9.155292254082683,Sunny ☀️
29.18424713352256,75.6115643238075,20.407584543334906,999.6777668053157,15.19040297433888,Rainy 🌧️
25.502298854208526,52.34550144834337,0.7697445845654238,986.5358661794878,4.119763683769464,Sunny ☀️
35.48850970305306,54.25596919404918,29.146302840213156,1013.585442962203,14.185922542815362,Sunny ☀️
18.888597006477973,77.4078212526541,12.655076958980437,1016.4654900238603,0.4229964669883257,Cloudy ☁️
4.783769837532068,75.39489210594957,22.51271230714452,1008.7530286729408,8.37865955967892,Rainy 🌧️
28.5297914889198,99.30047949617506,47.879050754190864,990.3408946566698,15.517301304055737,Stormy ⛈️
30.431401944675898,30.27154315633002,19.951765882121737,1005.2227970834678,6.774659115488628,Sunny ☀️
22.45108790277985,28.328771950733305,41.990080333221336,995.6094868284565,11.274742028907989,Sunny ☀️
30.83868719818244,77.94710537029928,9.427030287462557,1001.3733264083345,4.099584656518216,Rainy 🌧️
19.75182385457563,66.27095336051272,33.62302490125144,1012.2609287922332,14.839907822523447,Cloudy ☁️
20.909313175279763,41.93285332478447,48.85034772194717,1017.2607371345417,1.0455820653751924,Sunny ☀️
17.101640734341984,26.35354951911893,5.094655043646839,991.6112345450672,17.05085289751001,Sunny ☀️
1.0167650697638075,26.852659967714445,0.4159971113596006,1000.2662680323476,3.963927728433363,Cloudy ☁️
4.315657079732178,91.53526997312946,21.67913963163072,993.4580785495815,17.487960634166615,Rainy 🌧️
1.25716742746937,35.34938597749943,4.63127415256836,989.9315806930935,7.050584826010347,Sunny ☀️
25.456416450551217,45.86972496924166,37.419217483811565,1019.1693609997919,14.453671489489732,Sunny ☀️
12.574239243053068,38.13251217815904,45.727433192427945,1025.4626347218496,6.384505955723769,Sunny ☀️
20.342827646588113,48.39970446655499,21.701048635437942,998.5116092842288,18.118233424692953,Sunny ☀️
36.30265895704372,25.55390741968747,12.935582107772047,1017.5639462186883,2.532742510367487,Sunny ☀️
9.971689165954999,61.52478327266163,21.72016595033049,1024.8497644682207,3.570395785451974,Cloudy ☁️
16.415316921425188,25.409005087377192,36.17239089250005,1022.3062105265116,9.860602503176047,Sunny ☀️
30.222045541721947,84.02852062578893,0.4527080790185489,989.1406694269613,1.6387687807629225,Rainy 🌧️
9.151926619664899,38.69696655283464,29.472699474234858,1027.814594075668,3.9196036940352386,Cloudy ☁️
3.0791963931517197,63.20095316836085,30.664584244368953,998.8338220214731,18.875327644240286,Cloudy ☁️
11.590058116550722,90.40632700491666,31.884412344796775,996.9620330586918,19.529793222957743,Stormy ⛈️
6.448851490160177,72.07018952377553,12.101103999043861,983.121566363889,7.525186586608439,Rainy 🌧️
37.18790609370292,62.636622924106824,35.70263616890634,1004.3086827052441,18.465720420278714,Cloudy ☁️
32.32481518257668,45.94670024923005,4.56957431658882,985.4506807820464,10.896493513468634,Sunny ☀️
25.33615026041694,46.64015304465583,9.96351682334004,992.4269910463713,5.394849317475341,Sunny ☀️
34.85842360750871,73.5589564158552,43.873502332724094,995.8471310883641,14.047974421611972,Rainy 🌧️
32.14688307596458,99.5311488976934,36.93615753632832,1020.4413161745842,13.178036131497144,Cloudy ☁️
7.4628023554414336,72.9471351879503,0.6872777005672626,1023.7744325197948,19.782506382174667,Cloudy ☁️
35.70235993959911,64.622673389602,12.41881301849001,995.1233158730735,5.300945748185666,Cloudy ☁️
21.573689676626028,78.45204081913968,10.720324149658229,1022.9349060622287,13.441190053234708,Cloudy ☁️
32.2976062065625,57.21644898269745,13.540316401848628,1022.8615468684895,1.0404751005889379,Sunny ☀️
35.84365199693973,24.811387408062817,12.377988513994321,1018.2325475192437,2.272920773934388,Sunny ☀️
12.720138998874555,64.98374527023279,3.126314787142287,987.334755700759,0.07836749902186524,Cloudy ☁️
4.40207698110707,96.61002276043041,22.947025829841017,1014.5161423450364,19.989213621193464,Cloudy ☁️
9.117406501677667,34.02423538861277,36.63667373930826,1027.2512032290285,16.045473942949556,Sunny ☀️
17.08431154505025,75.20039126565325,30.33658623587182,1014.1270239383579,15.734460294670816,Cloudy ☁️
32.72059063689972,36.07469509272452,33.64358342990399,996.5808424553917,10.194521505763595,Sunny ☀️
34.429223330253734,62.8662147578465,4.057458926811957,1005.0289658715416,6.001341658108799,Cloudy ☁️
0.27808522124762813,27.73411597173757,47.57453550883936,1012.2862521675527,3.0252856892535185,Cloudy ☁️
20.42989210310263,56.02967490065481,41.92459169215124,1005.5285204364252,5.693494776929273,Sunny ☀️
16.69644012595116,80.49306631161969,40.254515924783135,985.9976470865485,7.519424438582782,Stormy ⛈️
8.88431241882921,47.80572193911857,41.149190252088374,995.603202232601,15.126201939605881,Sunny ☀️
4.794614693347312,73.19293795897744,46.63552540663807,1020.1198015276816,10.793235778063048,Cloudy ☁️
13.504606856145118,83.63599686317833,27.212698305684885,1023.0709023047759,1.5496725311096538,Cloudy ☁️
37.71638815650077,94.17422555835621,10.014100893381295,986.8650016357785,0.3605801791782448,Rainy 🌧️
12.92811728083021,38.77136654843628,30.839180392627057,1027.6193376199362,2.046643590681263,Cloudy ☁️
20.751624869734645,51.94527326474465,37.14407468339695,996.4411308924305,8.209974273947587,Sunny ☀️
28.120758355807112,32.19328106643339,36.89586966770127,1013.115686936536,18.663858340980365,Sunny ☀️
14.54518409517176,99.39868017267001,26.072451208344006,1017.5912572978341,12.748049624184432,Cloudy ☁️
38.87128330883843,94.16007743394363,3.422935966678903,1020.5973117318941,16.036517997510302,Cloudy ☁️
38.497891797684446,63.196570422444765,18.55564692150639,1027.2874851112965,9.327491890090972,Cloudy ☁️
10.071291833014566,87.3626635501137,46.038330423167864,995.6459774014411,7.233321663900856,Stormy ⛈️
19.88994023569542,61.67663818176337,29.2224454878713,1022.9253227275777,2.1680074543324546,Cloudy ☁️
12.035132392670786,69.88685504022078,26.91659716278567,986.5843451718104,17.518660443724098,Cloudy ☁️
11.393619775098704,27.12995456928133,13.442675719109676,1015.2520453176796,15.663200580558057,Sunny ☀️
1.4754778941813118,80.42163363974464,18.422445995828944,1017.0988864756993,3.3623619519545023,Cloudy ☁️
24.382573359195874,30.217078690818788,44.76730445765846,1013.886162060066,10.245211277525211,Sunny ☀️
20.10716092915446,86.08541042020227,33.32315237634179,992.6157368067577,9.747496158424898,Stormy ⛈️
2.059150049999574,82.56224701363087,39.36935133761664,1023.6521573507601,12.501831053730573,Cloudy ☁️
11.145858569464458,76.69957581943811,22.717271153382757,988.4429231685198,18.923737879825225,Rainy 🌧️
36.33063543866615,22.89283044198097,31.512360972807897,982.6817395760415,11.595428835249592,Sunny ☀️
9.582475626678896,44.250268475626285,12.419180437160376,1015.8732495305956,10.804345335572371,Sunny ☀️
5.795794883648924,41.04900559286743,35.27304151417432,1003.7737857616366,1.0064586586932789,Cloudy ☁️
19.57811041110252,48.810912597721526,21.380066685166867,1022.4549009979338,1.2581495203604787,Cloudy ☁️
39.42601816442403,27.011419741107083,22.12727574073728,999.1698570529129,3.7469358265357777,Sunny ☀️
9.682210860460017,94.95662584248502,32.466116228844086,988.4139294253856,0.6494154338349656,Stormy ⛈️
26.885421896235144,64.3041792569901,46.81403107344633,1021.8221096234935,14.867057911400249,Cloudy ☁️
30.4647846131487,44.44194485264188,3.200317330431046,1007.4454815820036,14.466606079879263,Sunny ☀️
9.505501759695987,51.75852136594267,41.23716186735038,989.4597896195178,2.721124688632859,Cloudy ☁️
29.128653944474383,55.77620324038685,14.619155520609656,1016.0191999293223,16.721578015905617,Sunny ☀️
14.711325308770128,68.04754666884938,22.195972725318892,1005.555681924475,3.0957206969222395,Cloudy ☁️
25.292233223743178,61.25435421571982,1.0956664387504478,1010.215649112016,6.0235117399471765,Cloudy ☁️
25.34118843043579,93.55135785715339,15.05230389171565,1003.0449169103291,4.9795379832273,Rainy 🌧️
21.43098736299034,59.75707863246642,25.131562131506524,1021.4354491909003,7.446141971460955,Sunny ☀️
3.611590802176332,99.372641185865,2.8088038673719504,1021.4781357841525,5.093275317799238,Cloudy ☁️
33.41209982356952,88.11399661960766,24.55478646915826,1015.4694410912193,9.779018528769042,Cloudy ☁️
12.831202598869433,36.680841148586865,46.35553144292137,985.2700688698231,8.148157627093708,Sunny ☀️
7.460740415994169,94.4476171715133,5.2696609053902606,1021.9426930952035,19.73138981558653,Cloudy ☁️
1.6310056621905566,29.309311830838087,38.22203640377522,1013.5506490266455,1.1185270025645133,Cloudy ☁️
23.635717727529673,85.39597667929533,20.483552668799632,1014.8512083002149,2.8436275277470324,Cloudy ☁️
27.1025744736913,50.4498634781264,32.7586857262169,998.1491420201936,1.0565178781720497,Sunny ☀️
0.6635131571142461,90.23794563560556,13.011829899261468,1023.9639778078504,12.516823899647516,Cloudy ☁️
20.48372233197124,89.44453520859602,7.974613127067914,1016.2685800117429,1.0901855482743916,Cloudy ☁️
9.059831007917518,84.4740320094097,8.023130713561322,985.6295233264598,16.728794747522468,Rainy 🌧️
25.806911616377995,83.20243490456491,3.5245972821572327,1000.3889017203081,10.238772613638556,Rainy 🌧️
6.974657160199658,44.37433112784326,9.282335245062152,1024.319018098007,10.540152491630675,Sunny ☀️
27.63750952409864,26.473542644100174,33.21096924944841,982.3598350848689,11.231890154243885,Sunny ☀️
15.469413852021496,52.23841430121291,44.084530592175405,1028.0708309821025,3.4162741261242147,Cloudy ☁️
37.46919954946938,33.88196119892069,40.70628427955809,1013.9581284159781,3.953806062289751,Sunny ☀️
5.50083776583973,75.59608711219694,34.25671549372421,1011.5687988821688,6.376346457460094,Cloudy ☁️
13.64265404201034,47.687978123022845,5.521593170555134,993.5279628243995,11.86992831643703,Sunny ☀️
4.538940849623563,98.04881606879319,14.459372314797491,992.4395894369588,4.202355518804291,Rainy 🌧️
36.98774473114251,71.27776618762655,15.490343766123448,1027.1029109744297,2.3266345426652246,Cloudy ☁️
35.09357413523924,85.79844509074887,12.49784731988106,994.9136227117061,19.402337728368643,Rainy 🌧️
10.317665108606224,30.601973819347876,25.750282985486155,1018.77526483595,0.43963629619245825,Cloudy ☁️
26.39936184136716,88.9611585818098,26.77769074398363,999.656089910354,16.053948106720433,Rainy 🌧️
32.688888008048636,93.82057524107155,17.84429875855551,986.9627035392352,15.760702991500441,Rainy 🌧️
22.208032463978494,58.96495350551487,17.6894579368218,980.5357648847679,5.9442822769019195,Sunny ☀️
21.18602313424026,68.5002350200782,41.42777989530407,1007.2128668507626,2.712532320146268,Cloudy ☁️
9.674091636018067,81.18478407223964,39.46464241598428,1028.7889409274467,2.9125729341084683,Cloudy ☁️
3.7241107122359685,33.98709018083301,15.389791584037283,998.4568096904602,13.94863234474385,Sunny ☀️
35.88863031813307,60.205286117075396,45.68942219366296,997.8596166996523,12.856131821723473,Cloudy ☁️
36.016722286533216,51.89304222178505,47.6407508501253,997.2045808924721,15.654913485027734,Sunny ☀️
25.32405829093072,31.70991937297993,16.33712710150204,1006.0271918652429,18.749623447982092,Sunny ☀️
13.561191641948028,49.40275378332252,17.721247439652743,1002.0332441712146,13.83854726533184,Sunny ☀️
13.968382984506436,25.453784750839485,25.28170767109794,1023.9957313363507,3.117030731028869,Cloudy ☁️
29.038227154809576,22.06495255595896,47.056040626683675,1005.2760395861745,4.868852335308214,Sunny ☀️
35.884410398103086,30.81330313238582,43.815971657115576,1005.3878919094284,16.84387461746229,Sunny ☀️
35.48345697060469,97.0492089271339,5.12839812917949,986.9185797360278,4.186121516684171,Rainy 🌧️
31.195021834304953,63.96236287160136,19.63653716357081,1029.1369770455192,1.4504463390896283,Cloudy ☁️
25.68126584617151,97.2657728922576,27.668559487488594,992.4986445434415,14.06560108084501,Rainy 🌧️
3.3655985998019533,54.59983026641056,25.156623627577,983.6682033729801,8.050527109802841,Sunny ☀️
6.465148563784551,44.945290646820766,9.693153396844634,1013.1573124487604,18.400801050918073,Sunny ☀️
35.94216754108317,60.49134902721953,42.940838558407734,1009.7683185078437,13.005101421873231,Cloudy ☁️
24.257162386383598,55.16093509063281,33.84703914984187,1000.7572826996372,1.808379555833215,Sunny ☀️
0.3678820646651859,28.453174740939513,41.89541874259018,1001.1096116940339,18.957131345073215,Sunny ☀️
4.058861714641284,71.2661051752165,42.93821396747361,1019.2531960523215,5.171145272804917,Cloudy ☁️
26.54007076432223,37.28305460076797,37.41779268328699,989.7856320049824,6.744249808125716,Sunny ☀️
0.20246335384874747,69.56703639182636,21.960530062485866,1021.0126659472445,8.045208273670841,Cloudy ☁️
6.432322056699946,72.01608739185227,30.527337750771228,1012.4373556947509,1.024485928086265,Cloudy ☁️
21.949351574663446,32.16198825029185,8.018270305987157,1000.9484886889762,9.930308444612097,Sunny ☀️
27.67580790770773,24.907970168853453,33.68227087374539,1002.9014308291935,2.466369821505845,Sunny ☀️
26.078450380104023,82.46092688547519,8.962662786964037,992.8323603593047,8.019406533767036,Rainy 🌧️
8.970772378422392,56.78403390154561,34.69747952550784,1017.6057166348487,7.0141957598416855,Sunny ☀️
28.487168853901434,24.65310364043806,11.479908037698433,1005.6437371152634,15.456801668530067,Sunny ☀️
9.489963499872003,99.58930537358137,5.877565007510999,996.0427271374922,16.063410232654622,Rainy 🌧️
13.015987926370709,24.62244487970933,8.26422450714787,1009.8025057880475,3.0682576477817602,Cloudy ☁️
29.859656204720967,75.60281830868425,0.0996067609535134,1029.7867226025662,7.331023747584524,Cloudy ☁️
25.98531596188859,98.69431402107308,35.93698089267651,1001.7631139828277,7.467063220636634,Rainy 🌧️
33.96893641976712,39.13440833727405,36.620052452918955,1026.034570038931,3.028208878721701,Sunny ☀️
26.304515692013734,31.379949494975694,25.746667495662972,997.2508419962284,15.96907010102381,Sunny ☀️
22.732344133418863,29.71079515379431,8.068140052769184,982.7366353462493,14.144566566708466,Sunny ☀️
3.746990713123699,44.262011805407646,4.177716875534488,990.2121053184214,3.8076357259406945,Cloudy ☁️
14.708632122377342,28.083664880851735,0.9564483218643505,1000.9347571663842,7.334438171875981,Sunny ☀️
10.608094707269018,75.37290733553056,8.287408848261036,990.9817464297284,2.1161004971302844,Rainy 🌧️
9.759585735163343,24.983343850405014,44.54277674915733,980.0113519109128,12.564131941860879,Sunny ☀️
38.920422190097824,60.75377025198318,12.076842085084088,1025.7500768873763,2.4274384909723934,Cloudy ☁️
15.723908986670416,99.73574830823814,17.71356636086078,1022.1939705615464,19.718683372498354,Cloudy ☁️
35.681862207084535,85.11762156048151,5.267274224066659,1017.1146115743474,15.613641493757246,Cloudy ☁️
25.245545039890516,69.21755505848087,11.118065237408514,988.3907297823014,7.804770991679901,Cloudy ☁️
31.792452141665937,44.500289662928935,25.961228539010257,986.0181788104993,11.571278645587089,Sunny ☀️
20.105483724207684,69.91166690333108,30.387634154782628,983.3802374736191,18.226836324328175,Cloudy ☁️
23.076155385054363,62.163317112932134,12.267615708310553,1016.2014594386461,11.081985607916522,Cloudy ☁️
19.700707752754557,54.086670711229715,2.8866079612558604,1026.4403980343943,3.4899697279591035,Cloudy ☁️
7.80971951192178,30.45683013921596,19.551643456369934,1001.5267910456519,7.574067111623187,Sunny ☀️
28.898084610460213,90.92833721923733,11.710168546316707,985.9570335998025,16.86289730059491,Rainy 🌧️
11.230894497634232,55.9827719057058,10.977696161490098,1005.6196410366053,12.884260319792357,Sunny ☀️
0.9726386572581536,35.56980094566121,47.99314013567276,997.4415953729315,13.014487686676006,Sunny ☀️
25.818891836286713,49.420748070183166,30.815024296286204,998.7412462174999,17.336429713769782,Sunny ☀️
7.084427176281958,53.130380202314164,27.843922158604794,1011.0665312077854,17.879461149250094,Sunny ☀️
37.61834337411657,86.20303164534994,20.788755176166095,1015.9359056631101,18.395851435588725,Cloudy ☁️
38.157143080103495,78.68915044491217,21.447216671507213,985.530179943658,1.896983865063122,Rainy 🌧️
36.59457560881794,81.54439149130718,27.045250191904042,981.7795115403238,10.882520039262019,Rainy 🌧️
14.806348010217775,20.882501154291777,34.82149035180536,1029.7165151342858,14.810190424366372,Sunny ☀️
0.6182646611546971,53.29231985438092,35.107304809091474,991.6364174457776,15.138536902540276,Sunny ☀️
37.132742503509014,58.50753213082589,8.584695385272479,982.691526245423,12.134324039400077,Sunny ☀️
17.127365932692573,21.535382145844537,25.00563760383135,989.493766454796,3.3357467036734834,Cloudy ☁️
38.666192761746785,40.785056699602734,20.597904751705098,981.9478923174232,15.948411078833287,Sunny ☀️
38.54479908357011,80.8231858497708,43.52634831346921,999.5905447308586,14.402226670298914,Stormy ⛈️
34.120378218694405,30.968776458319923,31.57094606091882,1020.1200892225662,1.7227154309807258,Sunny ☀️
11.777955682783428,62.824810516207336,26.62520332079909,997.0622224878861,9.276196493487525,Cloudy ☁️
15.40390914407701,37.216149761379,5.769732108945869,1002.2091703439183,3.4795479904360715,Cloudy ☁️
34.045466860674274,20.969661971511464,30.281894466170574,1013.7793386783719,6.749540914259438,Sunny ☀️
12.676880206251106,39.29611660796332,5.860195284011671,1005.444703503494,0.3616218441137087,Cloudy ☁️
6.7797098674436995,98.0699003928043,16.860328778287602,1023.0722843010662,8.006597368215164,Cloudy ☁️
22.272050498334007,84.12296895063916,7.142098240716593,1023.3017837522879,10.997538423124208,Cloudy ☁️
37.44619096643124,96.76613154568267,34.603682351218445,980.4955347745577,12.391651856541737,Stormy ⛈️
27.84119186699892,59.028323514109,10.31260569180763,1018.90231532416,13.269806902574201,Sunny ☀️
22.802446803574597,28.778895894200282,19.5929686594013,1003.0366800120837,16.7258262620492,Sunny ☀️
3.8870597508307414,63.83675911789544,44.783738880938934,1029.442027065183,4.309258145514601,Cloudy ☁️
24.60028906796679,56.350186764796874,10.215819169948514,1004.1616037937717,2.409636448769359,Sunny ☀️
39.60215400417053,87.54856661916928,25.390253197938957,1029.3447972694148,17.030743437958513,Cloudy ☁️
5.603360609460961,27.846606462739565,20.9635830583011,1017.7284680602868,3.1322562978529978,Cloudy ☁️
20.73318609454947,59.059290961742256,0.9062020522864866,992.4302442306653,19.495201626723905,Sunny ☀️
35.094922877118215,32.00389317551874,39.63790567864064,1006.9197489643478,16.85076458797274,Sunny ☀️
29.630744710168177,45.974074151204796,3.4522953157299865,1029.6067819739292,10.017532117791983,Sunny ☀️
27.88062963981072,78.98856619102398,23.71275104884768,1022.8765303875962,19.628428498440506,Cloudy ☁️
28.09936335948437,58.081450349501324,28.033914746947495,984.868344689561,1.9475345821600842,Sunny ☀️
14.379646048790207,50.07106281166155,31.421322830729352,1015.3185998404998,6.061315223502033,Sunny ☀️
11.743673770579734,51.55810228560283,34.431581465393776,997.2789792935406,12.764488300812229,Sunny ☀️
32.374446219140545,56.75574147247893,12.663619176135754,980.3491130940174,7.000137369463575,Sunny ☀️
32.404535787167234,82.80132350696455,0.49893883292246866,1000.17404845135,18.567451039615836,Rainy 🌧️
34.68289274320415,91.36677511521876,36.1721831177456,991.7377210862486,1.3125217635563513,Stormy ⛈️
36.529622102258855,96.42677492031426,26.78282996737893,1020.9434635260236,10.988236641219292,Cloudy ☁️
20.453695954437514,82.9522709004236,41.805885160362436,996.8665304422883,11.81732534790229,Stormy ⛈️
20.060651787487984,45.23255165984102,41.06941814503472,1021.3761846976909,13.054562475544483,Sunny ☀️
31.931807158671006,75.05077648692337,42.16630838939416,980.0298969417398,5.113324466636289,Rainy 🌧️
25.998557231110606,55.008249924431354,24.25473299897701,995.3909575013059,7.291328550397289,Sunny ☀️
28.078675090308135,40.37364976368409,16.681419791843282,992.0582607153881,16.873610593299553,Sunny ☀️
31.83170677744404,87.26972635407381,39.5779101295685,991.6783680534305,3.8988553794031966,Stormy ⛈️
35.60021367270265,23.074107916986,22.564705651462745,983.4093309882732,16.53735694346724,Sunny ☀️
13.519806274061432,92.14095937083388,9.172109820171725,989.3562135205251,11.253108458054848,Rainy 🌧️
15.02331810559776,56.91819716997873,42.748700978073714,1007.777478494281,15.243750223881642,Sunny ☀️
3.75927759363476,70.97611814466244,44.127993838617364,994.5680536418872,14.272147325269431,Rainy 🌧️
23.13120563984696,72.74831377646262,23.315487807008505,1000.8697391164574,4.150229907697581,Rainy 🌧️
1.4376909518696834,91.60941925652291,3.7849863654893734,998.8433440173594,11.376254728677457,Rainy 🌧️
18.623920725298404,70.93357457337659,19.391304495846562,1023.7952462499948,17.35446305610185,Cloudy ☁️
21.705785388303063,69.11468678080494,40.17688297313017,1025.2649499505258,8.642324736038587,Cloudy ☁️
11.461650085131376,25.332163244855195,45.088701427311435,1004.647848582793,19.331815404466333,Sunny ☀️
23.63333042276043,61.47264175561632,10.173637124879791,996.5077975157802,9.04430200203436,Cloudy ☁️
1.2200099975619771,32.01352006536333,3.348680601263576,985.3400352001182,2.8557127333576937,Cloudy ☁️
1.4939275499685767,78.99470149771885,43.86752265664193,1027.6701439691049,7.788693601553465,Cloudy ☁️
32.904022426386334,60.97775366501396,19.470246948943764,983.0113472450149,19.034048127810742,Cloudy ☁️
14.407625656450517,74.41822233666826,27.088048213378162,994.882513878414,6.394416986797085,Rainy 🌧️
5.082420506075391,23.333832048190743,48.40329060253794,994.9033100585002,17.361963197341257,Sunny ☀️
20.889730402192175,26.783361283664256,3.3282363957111425,996.0200643070108,17.625013633637796,Sunny ☀️
30.799742123944434,77.30587104501458,32.41590037260478,988.2143421636205,7.003730486639221,Rainy 🌧️
8.632841099873726,25.76674687989387,3.7052711287433535,1019.1580715461848,1.6651531610126424,Cloudy ☁️
24.91561903276001,25.70053822122069,18.77344642332502,986.1248930982995,14.491158183176365,Sunny ☀️
3.41389859975072,20.968678018790996,40.190727259672336,1011.7453329576581,6.2302459802797205,Sunny ☀️
2.067268846744308,96.5201118639584,21.67361163778172,986.1923013352908,15.658472285151447,Rainy 🌧️
21.25418526272592,79.00066875672056,49.85911769514752,983.5267818796478,8.853096965208662,Rainy 🌧️
21.62540486440426,48.260112680165136,27.952964247330108,1025.471475184294,9.70533484685243,Sunny ☀️
25.497196059928264,43.72284650301242,16.058107631797675,989.5064383159353,15.558188134970736,Sunny ☀️
29.04365334890646,47.97625837966797,11.005566295237657,1021.0625077279852,7.647266621232558,Sunny ☀️
39.03408317850138,81.97228249449455,17.52602671430809,1007.2315435553568,8.862546906458292,Rainy 🌧️
20.65201393204781,72.90964888563315,18.62666368797754,983.8928259804385,7.523809375392442,Rainy 🌧️
12.918258917649839,34.815645429397435,3.4356838861980488,1027.7724095719034,7.346810305545599,Sunny ☀️
31.807447790748146,33.92874682672675,18.47870997133866,992.3480583495947,10.518931538029188,Sunny ☀️
10.833290050482969,27.871651977071785,23.211925986961248,1022.9822672676303,16.175988890023014,Sunny ☀️
17.558856828225444,72.82421757610706,36.13688761194023,988.4405002892282,7.235366238451317,Rainy 🌧️
3.1382552536906383,81.14981297773888,32.8364742360804,1022.6971441070926,10.485094410754733,Cloudy ☁️
1.0140297366183004,41.20371426600032,35.438282761457714,980.6614406452647,13.414546508852016,Sunny ☀️
38.505936587117006,21.675596882473023,0.41818409384285493,1005.5890228284741,5.388788926073101,Sunny ☀️
33.439204820488236,26.573733398114186,10.883369979026803,1018.4721289710778,5.550456098047851,Sunny ☀️
27.83896824374792,97.42880278760244,33.084214419992826,1026.7397758746392,18.668262540469097,Cloudy ☁️
16.358117776570793,43.63558219819362,24.199468408987357,1025.4601068103243,14.470691466621773,Sunny ☀️
6.931772802833831,81.53785182705069,0.2656737834172973,1020.9812434773822,11.543733524466177,Cloudy ☁️
6.257481706843442,69.9730855083411,40.22473212159112,1024.4095674830653,12.95440108841224,Cloudy ☁️
10.009715926583812,50.555171172231674,38.64047866451687,989.9609842918538,0.5859888620683673,Cloudy ☁️
21.969066588244818,36.45498097564441,27.420958149678132,994.2092147855865,12.362059311233937,Sunny ☀️
28.583836908002493,29.710913452752514,3.323166288813606,994.4484262460529,10.190177464484037,Sunny ☀️
26.40789506870925,69.20103744310933,38.32575247662923,998.8526965500849,10.914993595588713,Cloudy ☁️
11.197355877837714,81.97070245102304,29.185679386568196,999.6660335192595,7.188476536616342,Rainy 🌧️
38.19461122652776,71.51234028329046,39.097998857897956,1007.2277662327338,1.6294779542588378,Rainy 🌧️
29.51587666783074,62.42417065993266,37.58734961979202,987.9939881683221,3.8667846722410437,Cloudy ☁️
22.174162100456027,23.356097874530903,40.15010359789186,1014.5623331892995,19.014894264253435,Sunny ☀️
24.46882984937409,97.47910220755071,25.90040332023124,988.3783269652254,8.17399124541868,Rainy 🌧️
16.784002497111597,83.89713533236596,7.016225909675749,995.5154241052273,9.333663116617284,Rainy 🌧️
9.909239580046298,43.42576293607718,33.557873668984435,1005.1672565303077,1.0541957970687799,Cloudy ☁️
14.238907146050463,98.39762634870806,31.02368925259853,1019.8220280761739,0.7513245908796118,Cloudy ☁️
30.313844418574764,68.15052717090578,37.11265935995436,1016.9734616619363,14.343628940935155,Cloudy ☁️
0.5757395451902347,66.59381265657971,8.494050302536765,1012.2767178205261,10.761893282422225,Cloudy ☁️
4.642905620276649,79.84585435436257,9.748759995014462,987.7886630290085,10.174119684325333,Rainy 🌧️
1.84010568087011,84.941583047211,44.52047586096642,1007.3522672807788,4.862490608453374,Rainy 🌧️
1.6291520927588055,72.51828858652021,37.49888992260354,984.3723250899943,14.895014632598444,Rainy 🌧️
34.21842336044029,30.247659709296002,45.411424435016144,998.8681588398325,3.3647315821698376,Sunny ☀️
28.146314375200948,47.06140047955987,37.93576605819604,1000.675826514498,3.7986948732204007,Sunny ☀️
18.96695316349301,94.24669122608398,29.857765299515094,981.9905719722877,9.21424342696551,Rainy 🌧️
3.913366426040059,37.969248947508156,32.70663685139368,993.6994049734986,5.725597242238818,Sunny ☀️
19.664635004673293,49.77336190700107,44.456396197000494,1027.7824733633245,4.949259624662927,Cloudy ☁️
18.938870831222626,54.56615063553568,28.940337725597026,1027.6816303914845,12.904752891066632,Sunny ☀️
6.928074796400607,55.15239917555618,31.619566216419372,997.616352712627,13.01943490437089,Sunny ☀️
17.35406596951892,69.03516659956205,7.823835800180029,982.1550054474162,16.490341395998584,Cloudy ☁️
15.940189375894938,95.4460670195766,23.696061005805134,988.9547469664091,8.354171339459517,Rainy 🌧️
24.63400392208866,39.2554169466004,35.81985559790495,999.610889671677,1.4617018205230048,Sunny ☀️
25.40374603470575,29.720110104073445,13.54713491581827,1027.3889848984616,5.473327698429154,Sunny ☀️
1.8121603908817807,35.79763918879499,10.112709026226746,987.0599531768593,19.60010926393634,Sunny ☀️
14.984504585058849,90.95399201674157,15.691340411220779,1018.1757921834106,11.925171504654042,Cloudy ☁️
25.034396628569453,71.66486501241648,12.075031399641672,985.4341269687346,14.194741696020404,Rainy 🌧️
20.125450343203507,42.87254313913281,10.745631851819793,1029.0628788695637,0.14715659250829072,Sunny ☀️
34.25959364753289,85.27575511748938,21.242542143404346,999.0808249554567,10.364114643650417,Rainy 🌧️
26.3477452647578,88.90959970907488,45.391925694176706,1018.7617269449528,0.7505731506360624,Cloudy ☁️
6.517377083257188,87.72114709522225,25.352982336935913,997.1295541405566,11.38460424182896,Rainy 🌧️
2.8227498960171937,93.51412269116436,9.396019040766152,1011.3834438579404,18.415416992721507,Cloudy ☁️
25.696771128252625,40.17928161386892,3.848583469043704,989.6008042370019,19.368382610008158,Sunny ☀️
1.0604524216648725,80.40335429970227,34.80780725689626,987.3010509648482,10.811053507778484,Stormy ⛈️
23.43102325093853,56.8431597819312,19.139938221819392,1026.9032069784066,9.164096105044319,Sunny ☀️
37.6092096569983,87.35988423120492,41.09154732926796,1025.8823638952217,18.90034188496988,Cloudy ☁️
23.01896711503516,78.27925417292906,32.97553843203851,1024.3734470106442,13.472196639933902,Cloudy ☁️
15.526797048260876,82.11579571997797,39.81207252706842,1011.2716725083296,1.2979855907681892,Cloudy ☁️
25.731528737694127,72.49294701448572,13.597301970922437,1020.4134105608139,9.314511553349952,Cloudy ☁️
18.330115619660667,34.19430155757655,34.6179461230529,983.4518468455688,4.804900369286078,Cloudy ☁️
21.8246715726374,63.60215351175506,13.203099234685938,996.7394520945339,9.396086428973632,Cloudy ☁️
37.658592351061,98.77357916196065,46.95342397251458,995.6851562378578,9.109311440127234,Stormy ⛈️
15.44410551203097,94.99104531976951,31.81871407666872,1011.7822660976307,11.642896056294841,Cloudy ☁️
38.44762255295657,23.453898863760934,16.225590008767103,997.797888673532,7.135409806985025,Sunny ☀️
36.21402567824255,33.18518525835497,13.475593114613632,987.425339082184,3.285408989118561,Sunny ☀️
7.831645391571858,30.538301876364955,9.546329253582176,1009.8233537706772,10.074388691799125,Sunny ☀️
2.774452035006618,78.07839279882364,34.73204794468639,1020.7191960334541,16.60405768691524,Cloudy ☁️
4.031120055097066,85.4228263885556,10.935780649896365,999.1061747229986,13.280244561352045,Rainy 🌧️
0.7288730260619891,37.080909304853755,29.765163296374453,986.6134357549241,6.767357318504317,Sunny ☀️
3.777718430237136,60.46821543614632,13.231751346267867,989.8344098656412,18.710460455177145,Cloudy ☁️
27.320270936654275,87.256242240896,33.09844723969343,991.8741652584692,18.24415142498364,Stormy ⛈️
2.8475459384091595,78.62412358130004,40.74698642702696,994.9948796497268,4.186967987681975,Rainy 🌧️
12.759025211750451,63.378976439347866,38.90126215723266,1012.1397535253154,0.7883517024072595,Cloudy ☁️
33.79501243877818,67.22781523670183,38.042566546539085,1010.047274226886,14.826174167015244,Cloudy ☁️
0.9308774294330346,60.6688437533024,9.386120284612604,1014.8039930783519,16.552205226983066,Cloudy ☁️
32.578739303557434,43.803876105505644,4.419247349225936,998.1250992265757,19.357291319027105,Sunny ☀️
11.274190990935997,65.20175942872129,34.94744142436928,1021.199882593999,17.796727881766216,Cloudy ☁️
4.72659310486625,75.11082416400725,18.417360689717565,990.204383057788,12.010695364128296,Rainy 🌧️
27.869486614566025,89.86583326886462,21.617311320167364,1003.4520373759077,10.601046784247616,Rainy 🌧️
25.15771387119536,70.90330831833984,1.5574546396695532,1020.0469360770716,0.5568210252517258,Cloudy ☁️
35.09888054108212,80.88972296345264,12.97882246375246,989.007932386631,4.933128936895557,Rainy 🌧️
29.40284175215543,32.805730796365836,1.6838201937232011,985.4931556870391,9.192295034658528,Sunny ☀️
32.13923721539394,56.92459795358319,43.95928863006238,1024.1841983843995,12.570078001671357,Sunny ☀️
11.28138290285226,20.746529586167462,12.169834160926523,997.1464831379598,11.145036666368213,Sunny ☀️
7.097581751188913,39.73430916172984,27.866858478650403,1014.1935062454515,14.85271979363381,Sunny ☀️
30.024590065634335,78.11693720904039,1.9489660330565206,981.2674302131969,5.595338617740817,Rainy 🌧️
32.27338957069056,99.34479610794908,33.3423695652829,1014.5023444204725,11.299052153049464,Cloudy ☁️
39.620205680026935,27.934247966977274,16.151367287704694,995.8050655773485,1.7628448678158426,Sunny ☀️
16.50470707645706,52.11954526890306,44.89595934788329,982.7870426793721,8.27331047166414,Sunny ☀️
14.880723431711328,84.00567749593276,44.40590944670179,1010.4906380774058,15.00321665909202,Cloudy ☁️
31.056518429679873,36.32285077031191,16.264530918087388,992.0401908036587,13.86801706858088,Sunny ☀️
13.632141610120714,64.4067959441829,45.04804478452339,999.340362102594,19.81285474344358,Cloudy ☁️
37.23029302414259,78.64570368237398,49.80788367493894,984.0290406143257,5.5578225197551205,Rainy 🌧️
34.336510073720476,69.27883602081432,41.2707832061974,987.3581625547473,9.963785983479582,Cloudy ☁️
17.159761095000732,35.04197876923329,42.24356738776145,994.8988617747922,6.590608275479934,Sunny ☀️
30.034842711659895,48.43076549485915,12.450436805454496,984.4879750280079,8.812062281183495,Sunny ☀️
30.181714963387293,82.70334275883178,28.835119942887815,1025.5413132343158,17.139002597387762,Cloudy ☁️
4.124954753437304,64.33812113056133,3.3627956983683926,980.3023521591989,13.684181503769732,Cloudy ☁️
36.102116267182666,20.41836908343302,4.745896841083486,1004.1930109432155,17.648823826951634,Sunny ☀️
20.210094897914285,80.8792608022475,49.94463060166453,986.1623729066275,4.070222166637729,Stormy ⛈️
33.058298644309666,22.824908395219126,16.331962471295547,995.3839544738975,17.46722235682876,Sunny ☀️
12.80198404122447,79.65870261849858,37.40919560244232,1026.3029779909132,1.1952454835676884,Cloudy ☁️
35.82092913984802,36.19844481321899,40.33325265134082,988.0847276636994,17.771985608743048,Sunny ☀️
15.568067149366524,96.64587840955042,42.90116355036146,1028.2916159859167,6.581475589214558,Cloudy ☁️
0.4335060592119344,49.43526010416676,49.881414870107825,990.2897188494711,6.29175266828133,Sunny ☀️
36.21527905677055,46.15452930704633,12.074824262843393,1017.0783054233415,10.241771533973278,Sunny ☀️
3.6514670714453423,31.911044026595576,2.0175413429849853,1007.3338632448656,18.813803754464637,Sunny ☀️
12.772545503616595,44.44833723921719,20.5595758997293,1024.223936379838,0.9556272936281074,Cloudy ☁️
38.0024786820322,90.13206094625605,6.504033491447347,1007.6996627751565,7.044619501414906,Rainy 🌧️
38.024285877502244,99.70674701017978,1.1212944581027562,1006.7279609578154,17.131439773666713,Rainy 🌧️
22.937515524931445,49.464762440547865,18.021341357074306,989.77290001842,7.921089548709334,Sunny ☀️
25.27348848679197,55.8888504763634,39.18691255376182,988.3114681025829,3.98313795194134,Sunny ☀️
17.93782087913279,77.76567505621897,28.309034561253544,1025.8244575557758,8.495883626628235,Cloudy ☁️
11.728430867922581,90.89566243720596,15.638899460517703,996.3919099425017,7.711050029833386,Rainy 🌧️
13.146581814796638,67.44354673494273,32.71710027463598,998.6041127481448,18.30832402933407,Cloudy ☁️
26.900738243081538,51.32205585422635,11.600909015440536,1017.9911829214194,15.238687514861942,Sunny ☀️
30.0949811775072,53.0097472678899,0.7190723036042512,996.9411741211404,10.102311114880127,Sunny ☀️
31.66316174903394,75.64945171974455,38.21766932182137,1027.60312233195,19.767411334431422,Cloudy ☁️
31.584725711782156,20.257461088342296,31.187154243200453,1016.89638844994,9.305550625518466,Sunny ☀️
3.6482441219476147,69.56714699678726,38.115131225047996,1009.871462128671,1.1647566164055045,Cloudy ☁️
19.776812188103257,48.43944083530859,1.9469008343832805,1024.0447580272375,5.245486436299698,Sunny ☀️
2.3023504006657713,83.53578650216674,41.85598139153261,982.4802954174742,8.721409604386253,Stormy ⛈️
21.98115529294942,27.439251185850573,30.976310001815165,992.8531346094604,3.138052482922402,Sunny ☀️
17.66122005493508,67.05618135587125,28.169767535632005,1003.2518167110455,18.95130252648086,Cloudy ☁️
35.50816731033199,58.4778311908899,31.23070240572658,991.348926973576,15.336977956355462,Sunny ☀️
14.036600502083147,71.38604207241819,43.2216623434182,1017.1952593651076,5.365744008555453,Cloudy ☁️
4.6826806571042345,25.18828755863747,29.346825327945353,1025.9604015526863,11.816090670358317,Sunny ☀️
5.719667282113434,66.3987029942505,29.047518994408968,1001.1885059965462,14.428983142191441,Cloudy ☁️
30.46042526869889,64.91876703676189,49.53395785328829,997.1066300055948,18.82557857813596,Cloudy ☁️
24.728722532650444,64.85280755329367,37.8365083534284,1028.0775366068783,17.632706983508214,Cloudy ☁️
4.04490704491161,68.27901332771638,22.114690272556764,1002.242621641377,10.303844522764274,Cloudy ☁️
3.3642722445998974,74.11743497810897,35.369850001646384,1004.4524200224641,15.493052395860351,Rainy 🌧️
28.038765258364798,84.39911997446158,19.461523584589425,997.5824936170952,11.2428950765517,Rainy 🌧️
2.910520254567741,41.585657610257144,11.44377312417495,1025.4774236506069,11.054077800910802,Sunny ☀️
32.87440237161425,86.00395281440497,29.84259384438797,1008.4477741640925,2.294839166763838,Rainy 🌧️
28.24968908625985,59.86045458107629,46.409104905697575,1018.1087293590822,2.5227531603230413,Sunny ☀️
3.2539512256759906,26.164662330746495,46.45697600077314,1020.5903359175443,10.59067230044915,Sunny ☀️
3.3935085634076767,24.684074339518336,17.095263905274514,997.0924520958629,5.377230899580132,Sunny ☀️
39.465583140047016,46.73906549568486,26.38387331108475,1001.684716566019,0.42073804920937263,Sunny ☀️
14.970831830244812,82.7917581689174,10.58179492849306,1022.4235887203132,14.456784078004246,Cloudy ☁️
14.825685882675636,76.61447477927325,49.78155547494417,998.1627675837905,0.6497319338032992,Rainy 🌧️
32.5119826903001,83.08919717379251,49.05589539339679,1019.6967566725925,11.90553682208109,Cloudy ☁️
37.88994309535435,61.38152451532875,32.475446485372366,1027.049616128722,10.783875882546287,Cloudy ☁️
39.44004255291483,55.21591983643924,40.22070298387367,1011.1605186534003,19.37629381155609,Sunny ☀️
30.135127410357665,31.796202136502714,35.755008064185,1017.0813643725944,9.684262786952832,Sunny ☀️
15.050383421236631,46.25542028874492,29.65791095197341,1020.2548656020567,1.2720287275559472,Cloudy ☁️
3.3400286679467506,54.72154929391002,2.6673998494448847,1022.2519824448322,11.033759356129234,Sunny ☀️
31.08587663709747,27.08803437436938,22.738217127633053,999.7526668928398,16.82192341232203,Sunny ☀️
22.3361699894322,37.6489562168969,33.739315108370526,982.5631729587999,19.936985685628798,Sunny ☀️
16.968880369879052,67.8580235250991,33.876580694184234,1000.093813561837,8.60686347378145,Cloudy ☁️
36.25417540378944,78.85304913913518,18.65613092111918,1013.6878114892045,6.40597484993485,Cloudy ☁️
4.447899292246054,99.86780091143598,47.084599332901526,1002.5175192890397,18.13306593903998,Rainy 🌧️
19.705004171634364,94.64906650748462,8.36785161183905,1017.4481575430199,3.8248425815224274,Cloudy ☁️
0.45414579069676275,71.40521596281532,25.01797231077803,997.8491214734332,12.308578300658532,Rainy 🌧️
18.74642567976505,53.69984426352576,34.54419882754114,1011.7372070552015,8.114288483618955,Sunny ☀️
2.252131027273494,70.89418917665861,34.85679029459046,989.3209902426987,0.8216472991111057,Rainy 🌧️
4.752716650722877,82.85212944641856,32.43194783844078,1017.4684718322478,6.945769486113955,Cloudy ☁️
4.701049871084195,29.466895273870986,13.764410672593009,1007.2847984406513,5.304570450053491,Sunny ☀️
25.968412084642544,52.79239117570306,7.810328434331098,990.20321942733,13.721823078869736,Sunny ☀️
29.841795170616933,87.18418285084938,31.797016341335542,994.5955586748904,18.975809953838365,Stormy ⛈️
23.334750603886384,50.70663615464352,29.965105806971888,1017.4304354290916,5.360943747572755,Sunny ☀️
38.486901938981674,65.74978169817493,8.967800514462049,1004.130061783076,16.229318783033634,Cloudy ☁️
14.994823180948163,67.02154886897586,35.25695727852817,990.8015720196536,1.1071963387681905,Cloudy ☁️
11.42848345127443,34.75810025069115,22.75859958668282,1028.3635595185149,10.762420200796264,Sunny ☀️
34.74396512757841,48.97883533218307,33.38802958015765,1015.7562509908444,1.4110012741978917,Sunny ☀️
8.943833540778105,46.76090309935457,41.868353988507536,1027.8567416269898,18.680659822612785,Sunny ☀️
38.52890157762445,22.09573668256518,8.486421428846159,1001.3552522680171,15.327025611147803,Sunny ☀️
0.48617898759265366,21.935341111308418,0.9572433998418339,1003.755017034586,13.158998224091846,Sunny ☀️
38.79515306830556,86.53576349406188,38.955129319789336,1024.897760809251,16.477927632493284,Cloudy ☁️
1.7263964780230445,41.845664797824995,30.484871257630797,1006.2524670122692,12.950395911403263,Sunny ☀️
35.645724547922846,61.44630129910524,34.98197848110608,1015.3639455952833,19.37888794348582,Cloudy ☁️
21.108044363451995,43.898045887101844,41.90774874943213,992.6086438747765,14.27915895729543,Sunny ☀️
39.718591844772014,95.25433960922724,40.14054674122502,1002.336323435132,18.493172191644934,Rainy 🌧️
2.9518625894159545,40.7437407092619,48.046007346441236,986.1724932905178,10.34263784021276,Sunny ☀️
22.15417137605283,54.37254501911481,26.79675394260591,990.2990017938481,2.341288259637253,Sunny ☀️
38.77210142476396,89.81842003876815,24.42478163299527,980.0471707633816,10.563554428460343,Rainy 🌧️
20.923913766805953,87.3546853433447,20.094359994536504,981.963252582433,2.537456561261866,Rainy 🌧️
25.1759455254105,34.88811342770219,7.684552142210227,1028.8641911588466,11.8498695835281,Sunny ☀️
27.829947559384685,84.21146478365684,28.63036164410112,992.1176847568381,9.649861210553258,Rainy 🌧️
18.18164259071093,56.65495093903141,13.85062621629894,1013.1655354752,12.451507956655634,Sunny ☀️
25.102323203362538,58.637509766828416,46.06537561064877,1021.9549849399806,0.20093962109663188,Sunny ☀️
23.37257247692401,30.6783977932755,29.15954021385488,1007.5330229618282,3.896809833107282,Sunny ☀️
36.04632041963956,26.44812110056997,29.642009025405507,987.6572250041978,9.826608638242618,Sunny ☀️
1.8178552136583148,78.23514455790121,17.746233043850502,1016.4058218668083,19.010071231782696,Cloudy ☁️
11.238527583689212,59.716892188423984,2.5994675988853744,1010.0125705049792,7.672180807103168,Sunny ☀️
38.01645936306235,54.948056209214364,1.587188268649431,1016.5625294673688,8.487440521072694,Sunny ☀️
35.61055135563665,78.36065829219174,21.166757207659874,1018.4873311428544,14.293921780132443,Cloudy ☁️
18.22627011142852,81.24103191928879,4.228268904861893,1028.7705183842372,12.075855145722361,Cloudy ☁️
24.80530391206147,32.71265341354828,30.342347777006957,1008.6781640013355,5.978523001966664,Sunny ☀️
11.095247319245306,68.8180119582113,44.04865028198287,997.0820556345301,8.216327911348555,Cloudy ☁️
7.524846388950452,30.828326582214842,44.14574082593611,1012.4232278450119,4.353995977144649,Cloudy ☁️
18.547936197599284,80.11000688232366,32.95227050661162,983.4220354621314,19.320429182604173,Stormy ⛈️
14.134089121042113,72.55641250137117,10.56159157364655,1024.8698659160793,2.6126876311471947,Cloudy ☁️
23.346244474034883,96.52916968667664,43.149841567943604,985.9690505669098,7.436735691328389,Stormy ⛈️
3.1093854785993935,25.516641308513694,44.30467176566041,996.392141894291,0.5167794444002238,Cloudy ☁️
38.97579230664666,24.564377692100344,9.832679247647935,1020.7872690313061,4.4355898386709285,Sunny ☀️
39.44842977918412,42.57496597545601,36.871304288533864,1009.8656189165356,15.609422767603098,Sunny ☀️
27.926468560789807,40.93645469887248,14.325977446356147,999.6817760138721,4.023504645777589,Sunny ☀️
21.443854653764816,39.75830392575999,40.13201561764648,1003.671782968751,1.601268050579312,Sunny ☀️
12.38110465145311,92.50036644168293,49.86189499518014,1022.727369660109,9.489063596890466,Cloudy ☁️
32.551800788277944,39.96369598796049,1.5013002664696407,997.0002193029947,0.1993846946903699,Sunny ☀️
27.389246902155172,41.75597809029048,44.86829328954659,1023.4824842406085,1.6953230885266635,Sunny ☀️
6.504677573795652,80.7518609934371,31.131526679932904,984.4067215488345,16.1525173912595,Stormy ⛈️
36.4370873797537,55.9791873960432,48.669130958241055,1018.8399218604316,15.429466897192128,Sunny ☀️
32.90148971692676,82.1368445564145,23.25047587632138,1022.3773816527369,18.30277640809792,Cloudy ☁️
37.99199653167696,25.229292605150818,42.369396528568686,989.090882641867,17.09030871821499,Sunny ☀️
29.0287803355344,59.005695493870746,3.1197034299138613,1001.51732661861,13.663511264796362,Sunny ☀️
24.536607837431596,22.68908801466261,16.763952503914787,988.2749887331828,1.0466571460132568,Sunny ☀️
16.729721451624755,25.01225627642836,3.3508268875604985,1015.3302064497109,15.65697235973315,Sunny ☀️
37.309139334160534,92.51499626755287,48.76715667395353,1006.7673884030828,16.910216216811207,Rainy 🌧️
34.642555580016335,31.139629689407613,40.84869536359184,1011.7661673354161,15.981642915439089,Sunny ☀️
1.8087468042475763,62.593654582017365,42.62737106229852,989.8243483478105,10.169580706160522,Cloudy ☁️
1.0546789798900802,52.887648208056525,46.89826157169471,990.587293102621,4.658036772989633,Cloudy ☁️
15.058534675121983,47.78746610070741,4.255174305989268,982.0748662754953,16.906599513774534,Sunny ☀️
32.422133231273314,91.9866676549818,19.27987962566667,996.1033767597864,14.543256194802769,Rainy 🌧️
39.49104517259778,21.74587174203916,3.551744452200106,1007.9872330666838,19.61522348777703,Sunny ☀️
6.016675644141127,73.10317489404713,10.53965507750143,1022.8967456998664,3.1138519551186583,Cloudy ☁️
23.765228614085405,97.07155473708403,11.468288851883617,1013.3463723729341,4.513291661041102,Cloudy ☁️
15.235634265240861,64.81345467694736,23.455360552378934,1001.7698161699876,4.235962997630054,Cloudy ☁️
38.79657591258413,94.94579696264735,13.428108372682129,1027.6560057197069,15.850795352426735,Cloudy ☁️
33.684756925428346,24.1806303428819,5.048905340888055,1015.9622600287915,3.7381459290023633,Sunny ☀️
33.533148188445516,53.50346552593291,8.374554454705386,1026.5082601431275,1.3331965964661219,Sunny ☀️
18.74772639179881,40.81262327696409,7.363778177604546,1006.3793986636083,19.971216131712573,Sunny ☀️
16.592780093506608,78.46567719845838,48.653839895614915,992.945213739657,0.4963442289029829,Rainy 🌧️
10.93628287722825,98.50376723977973,37.96462534592368,982.6413343182361,16.70488120317731,Stormy ⛈️
2.2550198660370846,40.52240499553982,48.3880732634781,1016.3042425741925,7.307336831013056,Sunny ☀️
34.588895050202126,72.33396811792596,21.987024325395428,986.0651499002767,16.832309195156306,Rainy 🌧️
32.516040365203104,35.847810620779214,13.91842408313283,995.1387564135983,11.0924098242229,Sunny ☀️
39.98870693144522,65.22642036572879,39.91465986045933,1006.6235453941948,18.032624589727202,Cloudy ☁️
39.86547348295622,57.114598935066894,16.31269590205734,1008.2208293889873,18.523859728292532,Sunny ☀️
22.217268224105098,97.76042637052296,14.969168685267414,1010.0291598493568,0.18196362561551993,Cloudy ☁️
30.75949660722042,68.68218181571733,11.62529961039156,988.312766517485,1.5082435198557653,Cloudy ☁️
37.79062919529712,47.960509766945506,6.483948911211767,998.9868702410824,5.00717459141711,Sunny ☀️
33.98589562709646,29.12766279103467,12.823153050838298,1010.8597113558484,13.386308327270033,Sunny ☀️
9.893924069727905,32.09974629879476,17.765987423694384,1028.4909432316892,17.76544393023012,Sunny ☀️
18.02176541240374,38.025354396098805,33.69971040728652,1016.3815568849844,9.198839025879256,Sunny ☀️
5.166376606059799,40.07733290722384,3.128242110972579,1026.1301878546979,12.139462325485308,Sunny ☀️
38.16204109034889,88.04928462729103,10.525346983267148,1018.1106029157088,3.769997055911223,Cloudy ☁️
24.246985378035202,64.89782306260199,40.45118201458382,1009.5858484446201,16.09933667763371,Cloudy ☁️
9.14571222013851,61.87127290994931,7.346096179188538,989.6011684568173,19.346562227069395,Cloudy ☁️
26.86802737623427,29.181509749537398,17.132257326126076,1013.3342825946256,5.371978658291949,Sunny ☀️
24.725129618315833,88.8111754679548,43.23294609290701,1011.1689782979954,9.896519032010927,Cloudy ☁️
14.326508721313619,77.8251442566787,7.746265557172133,1010.1234585228633,1.722322210127476,Cloudy ☁️
4.542303687985161,25.413468952000127,4.136841780909495,1004.4892933994121,11.182733129259368,Sunny ☀️
26.862927823711985,76.62680777838149,24.22689975400054,1006.4328301994638,10.055668836933611,Rainy 🌧️
20.812308036151734,63.483057387411684,15.12097556392682,996.7221263559052,2.888729683101552,Cloudy ☁️
30.892735669425573,26.538027659742262,28.170418224192705,1005.9656346321152,8.8413242623615,Sunny ☀️
20.806540044479735,56.664051322292515,40.19024452417376,989.8777952839239,6.682093041731266,Sunny ☀️
34.0872600127416,58.775702970403756,6.857424407637158,1020.2587198680188,10.436617506103786,Sunny ☀️
22.076273550979423,33.26196321306206,29.03495422771425,989.2888477349354,11.713086708575984,Sunny ☀️
22.43751886141545,95.65585176002259,25.275438019493198,984.2483144944733,0.16991157214419017,Rainy 🌧️
35.0661441063338,87.99802971845295,7.203939300659979,1001.8123013178579,15.220119658991107,Rainy 🌧️
16.139314648495883,73.52178698632866,31.19992427644912,1012.9153719753031,14.260285837234816,Cloudy ☁️
5.360609138025629,56.98364488004857,13.682020893038583,1001.885841246677,7.325727724130444,Sunny ☀️
1.151307052533559,52.941243326760684,24.391715927200625,993.8377065975654,1.0587187113763652,Cloudy ☁️
30.20549022694476,72.07787737207633,4.113616213853094,1007.908559194522,15.098650795701008,Rainy 🌧️
24.812382054138588,63.634549552552436,22.979202860681152,997.35011677061,19.10350320956265,Cloudy ☁️
28.163190723968942,24.98184847055085,15.323173402141016,1026.6433845063316,4.803031920440284,Sunny ☀️
8.518566460356428,61.000211901626535,41.119060559267716,1026.1322569801787,6.470492274740758,Cloudy ☁️
5.4548590234707905,84.51228937862716,2.848936349868414,1005.1185909986048,3.676257789636299,Rainy 🌧️
0.5817866267152771,56.73919020775664,20.930363745916498,996.394199700913,11.538722466896793,Sunny ☀️
14.023502352263879,24.156526204341475,22.9215712065719,1016.856620697832,3.096827892949099,Cloudy ☁️
23.596707474185322,82.90225595072265,36.250303814955934,981.8356471741533,7.123878869227589,Stormy ⛈️
15.689761803989292,36.10910257087795,28.714378754510548,1003.7384503021825,13.940260278685258,Sunny ☀️
17.498996880949164,40.6896667910431,33.360616859709054,996.8161697135167,11.202319660186967,Sunny ☀️
36.166347779749934,33.17650827458367,38.8524642825878,1026.0267942551277,7.729251286558705,Sunny ☀️
13.930218680932015,46.4172051897198,43.11014868290944,980.6001513636342,8.404992036150837,Sunny ☀️
20.559579566392433,80.5401204550908,15.693774836123525,1007.6407437859175,11.24221765246459,Rainy 🌧️
31.346120509645722,61.550868760314984,26.901135268195148,1017.0331790533313,0.11729455774322606,Cloudy ☁️
15.861711292850806,36.390501932057006,42.005403921959996,1004.250899376202,1.570197369072197,Cloudy ☁️
24.88346800911494,90.22640625216327,49.472556548252825,984.2701515081361,17.625161355260232,Stormy ⛈️
34.49454834986981,90.36654839612234,44.47596555218816,1028.623069501395,1.5575797818258152,Cloudy ☁️
37.98082494630569,89.64627400368056,18.57336313121884,1005.900521568805,14.136071924210103,Rainy 🌧️
5.8829392371615175,39.10369691052314,9.758325860932521,1010.7093122159506,18.400763282181053,Sunny ☀️
37.06350500645978,56.099147534479044,24.469626870329435,991.8304891353754,5.413672086034622,Sunny ☀️
19.684651723181528,98.79917249127001,37.08207259180211,1004.1749042553402,7.409828741190285,Rainy 🌧️
10.329775531958333,81.76099810479923,24.62845353766488,1001.4574745979161,11.378428116894327,Rainy 🌧️
18.36543024953045,22.173393698044784,24.159043165683425,983.7447921000992,17.634179392771692,Sunny ☀️
39.201303011419085,25.216367300839366,41.91152105409003,985.3080176773734,18.838111745208405,Sunny ☀️
19.704723759714785,57.114510144986625,18.070188953359317,1021.8736259809388,14.79126496222536,Sunny ☀️
13.150064411500328,92.73761646892481,42.98973374058228,991.9909976103295,1.7323952170938806,Stormy ⛈️
25.33603417266903,63.09614383621714,20.340240047586178,989.7479135749315,13.383083110697015,Cloudy ☁️
9.605824751127724,59.82500064274322,16.41165528391697,1005.2455725625069,8.20607443745324,Sunny ☀️
3.0345331243465568,28.437895996530447,22.69949555998495,1018.4373565681257,9.414019989821231,Sunny ☀️
5.155188876425969,72.54240837794353,38.12234793374342,983.0973259289494,0.9829678069035408,Rainy 🌧️
5.121833558310898,85.76825284801804,6.300101393199714,1008.8403959819128,3.8212427869271637,Rainy 🌧️
6.076107740491774,50.43360060060499,9.82096079360087,985.9605221420287,15.810272150672954,Sunny ☀️
5.553086905976405,82.0489480740262,47.5722412831546,981.823052541281,9.079176660957195,Stormy ⛈️
25.634989792128586,97.15813231206494,8.77458136906787,982.6371976081109,6.033244832622977,Rainy 🌧️
7.275203375965793,36.30131673021513,28.38636589655273,1021.7082054104221,7.680381479299163,Sunny ☀️
13.826691332954528,61.866370495579304,28.965723333096893,985.8986241814031,17.087990266513604,Cloudy ☁️
35.87153639624047,42.971036646766045,24.48122310251224,982.2575682206146,14.979980348099138,Sunny ☀️
18.958465610514892,83.42835352270714,32.23726242884093,1001.8949943571456,5.4463079436216555,Rainy 🌧️
26.702309540841085,66.2074692704926,11.491336289880921,1022.1996735971012,2.350036804247466,Cloudy ☁️
6.8927948480651935,70.76659340402429,27.633113388837412,993.1204188244651,5.039964432881434,Rainy 🌧️
7.691560752346831,83.83313276927153,18.608662762344856,1001.0856308762958,18.415129021094675,Rainy 🌧️
1.6347446506591545,51.677637812996394,33.08336298145945,981.9961266281875,11.631776756995107,Sunny ☀️
6.757402522886582,93.20720547256346,7.061177168657473,1002.4539257067438,10.669604174895657,Rainy 🌧️
11.143613561278345,62.6423093796912,28.543870841973813,1008.8806540318567,11.92787199384923,Cloudy ☁️
7.080419371069873,32.63638582682784,9.263517769166185,1008.5453526876072,7.320565314930305,Sunny ☀️
3.5481013502822245,75.67192945350419,13.93215315575182,996.6213346087183,16.142140406390254,Rainy 🌧️
4.825434844024032,83.46090803506036,10.93549001617916,995.7766590331568,10.465724986004997,Rainy 🌧️
18.43115072130903,45.34093416540213,9.141888993440855,985.3311809468299,2.334958055375911,Cloudy ☁️
8.2533487362317,88.57434055990024,41.28554757803335,998.3399160323135,2.581302496581259,Stormy ⛈️
14.570794441923018,92.4914603812613,14.285378383044517,984.9747334436482,10.737182930052366,Rainy 🌧️
20.136690834194276,42.15235899022471,46.35618909322247,1018.3297972356025,18.731404361416782,Sunny ☀️
27.615793145174614,98.68171781721776,48.49632626725954,1028.3137148874093,6.167042433523974,Cloudy ☁️
1.5724855936439575,31.256922243900675,28.563023496854868,1028.5037228333354,17.390823377184365,Sunny ☀️
31.976415956361706,36.1612534721992,7.15005613328632,1023.2535549687697,15.281911731577587,Sunny ☀️
25.11601557963631,34.73798713904209,18.727412168979065,1010.0396074669809,4.956248858138137,Sunny ☀️
3.2703612779548763,91.51917680062964,39.8866131674107,1015.043284862194,0.7268149663248491,Cloudy ☁️
34.94314496427109,72.34340418599695,18.369536434853522,994.2602901340207,2.0369453028476547,Rainy 🌧️
36.83489602127253,32.16834265778183,4.350860915139437,1011.538521008631,14.569878676948804,Sunny ☀️
2.44311839419455,55.22587346946792,27.839245546409398,1002.7824774719938,3.993394760812934,Cloudy ☁️
11.075105925888149,69.22384200558416,42.25604257480174,1004.1008669888466,7.425418410107875,Cloudy ☁️
32.24805119172245,26.677126799150663,39.79631935717512,1017.8888280187579,10.033983320128497,Sunny ☀️
29.930387615346334,90.5933094725871,8.756157006517661,994.0959177798626,14.509363369003257,Rainy 🌧️
7.380840774255093,84.28828283532282,33.63823072062333,995.901980584726,2.2646244651825076,Stormy ⛈️
8.373972933468412,60.41654188613106,11.025213171782354,1026.232089556432,8.12732810554923,Cloudy ☁️
14.81888411165528,97.37012922073363,10.910376727608611,982.8112147425486,9.701458182853909,Rainy 🌧️
19.380919407640853,53.420878342007974,43.70358866525926,1004.281714920667,10.816541279430794,Sunny ☀️
24.730190861211838,98.72882552291982,12.483447637011508,1025.6400400203931,16.367212827904332,Cloudy ☁️
14.756545582790896,73.43359990429016,13.16236732590056,1010.5181503909079,3.433563900864338,Cloudy ☁️
18.501388645325918,70.77370186031531,0.03266953806497774,1007.3203537106066,16.156629036532447,Rainy 🌧️
29.89883752535026,33.2763916236628,43.53345170627588,992.4872089614678,13.857568553933044,Sunny ☀️
1.467328115623916,90.55422066437151,39.62974066045673,997.1637744532225,11.117416283979187,Stormy ⛈️
10.09747777376083,54.19917503364921,31.3664467545339,1022.6024207902346,13.990557408051439,Sunny ☀️
28.533983435382098,32.97867246259835,37.51328819694211,1007.9609065884229,8.240354779033128,Sunny ☀️
35.808273507487975,21.00860159806072,7.60242837122459,1005.7371096878389,2.7679517193624914,Sunny ☀️
20.467097684626644,64.7804546910706,22.916179729378772,984.9789856770014,13.315304805307346,Cloudy ☁️
21.284539410612627,62.19196976981411,17.560969367439043,980.8014078227561,10.493446133712446,Cloudy ☁️
4.286880453591042,77.54828978953269,4.688826312850825,1028.1842594343525,12.78749601085551,Cloudy ☁️
17.896494672938186,91.22064424142417,24.306524260746205,998.849308364342,6.759975620569801,Rainy 🌧️
21.304690658200926,26.352526771442363,46.03698251713177,1010.1606531049753,18.137331546796716,Sunny ☀️
9.698820145389186,78.51971922722899,2.002955952534724,983.9857536593643,11.74739737151154,Rainy 🌧️
10.769729237975238,34.99295552780658,14.573045674689695,1014.1557142861524,1.7080496858174765,Cloudy ☁️
15.091366524184906,88.65416425257311,10.377046810285172,1026.6283354352981,8.996079814088574,Cloudy ☁️
0.8028479111090547,85.52508110893248,11.907332683284816,1008.783262649871,15.127121094872686,Rainy 🌧️
12.883166623327131,63.26350039884355,45.42172759396876,986.3057661187705,15.882691234645447,Cloudy ☁️
8.457920279861785,76.81942388986492,23.403452711714507,1009.0860763736738,9.891941055275176,Rainy 🌧️
13.099894087116585,45.14800905469987,23.31497064699094,1018.3173606552326,17.89495141662602,Sunny ☀️
4.790485272770049,57.69343191462517,38.02878212276411,1000.3208268287009,5.353368743885952,Sunny ☀️
35.6210912295958,85.73095181683773,7.72461020024629,1023.9918873970734,8.211973944765331,Cloudy ☁️
23.743698142161946,56.741215773857114,24.36326770500254,1012.4341476678683,17.971938211379403,Sunny ☀️
27.164092765779586,48.623861226035345,21.499260706052986,1024.9624459144602,17.92513432943158,Sunny ☀️
31.566849544293532,59.53699578002399,29.845534527332806,1011.1752655623668,13.714255376493618,Sunny ☀️
19.93768795716229,86.25994019497747,49.97788516252193,986.5643986002412,17.179610942444402,Stormy ⛈️
3.4768115234969477,46.81664378966982,38.47244470410235,995.4845855552594,1.7754653391246533,Cloudy ☁️
21.484261672741912,33.900927450859506,19.89328515087136,990.0897474126228,17.299899524155528,Sunny ☀️
23.473644720835164,76.96112162646246,41.377652613702345,1025.4413248858432,6.412398131004535,Cloudy ☁️
29.8175789673732,86.07825701664655,8.535418165624009,1018.0200033643741,3.5666302485643264,Cloudy ☁️
17.266381849187177,28.050998281882666,1.5231843154480063,1013.8199184455003,4.787396726840926,Cloudy ☁️
5.10321211182255,39.189929020475574,10.222418623213652,995.048315981581,8.359370160277741,Sunny ☀️
11.351036231948978,31.357759180879512,17.020577805712982,989.2022386025106,5.023840092089344,Sunny ☀️
14.523291855945404,47.83531292657333,25.529037872977995,1017.8225543994456,6.41135172032998,Sunny ☀️
25.83668965326405,56.02807831243301,30.75645702705999,1003.707897293954,2.699569721432842,Sunny ☀️
22.831132186756477,79.90610695706451,45.53028586072109,991.2894776075315,5.92353531117997,Rainy 🌧️
14.24386903591385,72.09180679053392,25.492700477522884,1010.8310989082638,11.445676290840023,Cloudy ☁️
39.460609951719185,69.67428539827449,25.063782231286467,982.0166926069226,8.83707416182128,Cloudy ☁️
24.230992774275485,48.18999572877235,2.5121504911491064,996.3085127064127,6.934375224718224,Sunny ☀️
9.48907166943978,87.3158042467808,1.7455776328111905,1003.4278497295568,14.92904257714228,Rainy 🌧️
4.07129890481615,57.70297339185316,27.557998095818604,987.3979167054703,17.870199427866357,Sunny ☀️
6.114365567373281,98.32839504121236,21.908930662417227,1029.232723879542,15.13578445804794,Cloudy ☁️
9.838309135380324,70.73137106365894,41.95901974901493,990.4548682294807,6.640014042353584,Rainy 🌧️
6.427254930382227,30.101179325160217,8.033979235592259,986.5176565021633,14.888843356751075,Sunny ☀️
7.4626809620522305,74.09420496603472,1.24858310585248,990.1767436943449,3.039603649481024,Rainy 🌧️
11.403806747753883,46.00832123453592,22.451938396506293,1018.4530566579862,2.6063597618258183,Cloudy ☁️
6.934943811790193,74.9061757348878,11.873927837612875,1001.2752829635922,6.912540740723179,Rainy 🌧️
35.870616985057005,25.57129185299246,2.4807186669418724,1008.2707969876269,16.15404738088114,Sunny ☀️
3.2093498264656883,33.99051497407675,36.22991434238145,981.050457849318,4.926964944846038,Cloudy ☁️
20.980455582810187,88.4589807124629,5.579649997862374,981.7215654286657,1.2650681779735917,Rainy 🌧️
16.41587307958646,38.17436456188119,30.415975000388585,1002.2912774913508,2.6341907041271018,Cloudy ☁️
39.29514467634426,86.9632900194352,14.052487508344457,1020.8327621600812,17.174899370591604,Cloudy ☁️
4.481556086722094,42.34208707635283,8.6748025177511,1024.2619439353782,12.675665694945753,Sunny ☀️
15.914223961829666,71.43055280469662,18.987576145965875,984.335328379782,5.064023267399533,Rainy 🌧️
38.77881733101476,75.53204588078648,40.072288811147686,1006.9181551050511,11.105916506563627,Rainy 🌧️
34.62028503575921,61.012380251604235,19.604678845228634,1025.6614843139635,10.551592448507009,Cloudy ☁️
32.6828828379712,44.4248541357385,37.538482460552785,999.3986377198943,13.108719568813225,Sunny ☀️
10.316113081797592,37.01155010968769,6.274314839957534,1021.4782915714185,4.663751088432326,Cloudy ☁️
6.835503495602633,22.655148364994098,38.638570983253956,986.6847827199718,17.288059743887953,Sunny ☀️
26.74572879697724,44.31571209925791,11.846666245332433,1026.7697244833898,6.187371241600257,Sunny ☀️
37.17503956510343,72.25302324250265,33.86965649444364,1017.5711658765651,13.882633079524737,Cloudy ☁️
22.270515720557192,95.06438547587861,28.289077742049816,1027.0667196393451,0.3224929274442978,Cloudy ☁️
22.864507578795994,89.69635858104417,46.45723586058437,1013.8308616776253,7.453142597882945,Cloudy ☁️
11.199163746411367,81.28518212282421,19.366125898765702,998.1701965999714,7.034196359176166,Rainy 🌧️
30.779717327677474,83.0757874602639,3.308259441722022,1026.9090586262362,10.86968857166029,Cloudy ☁️
7.481749942300935,73.19879227807962,0.9577742775626452,993.7783388154589,1.45472523554393,Rainy 🌧️
12.947169456169746,40.82294860528024,41.34292804863765,996.6086261030866,15.802627474522167,Sunny ☀️
17.017457544656672,92.57560245646638,26.236781883071608,1015.040420900087,4.355616035351371,Cloudy ☁️
20.3044151473782,73.65858495246673,38.76220259174746,1018.2658149762693,13.540756297640204,Cloudy ☁️
9.69638929660321,64.8352504784352,11.721280000575735,1026.4701741924578,16.064242464881865,Cloudy ☁️
4.593472989568141,28.879157537078484,17.254187275661685,990.2401204528105,11.237539124830263,Sunny ☀️
24.424801697665302,55.764443504514034,1.505193610565947,1019.8999017609613,14.81766413443971,Sunny ☀️
11.54522212961023,56.8286616961541,48.07461622870561,1016.9273026698481,13.237206244300111,Sunny ☀️
23.24952885690449,89.16508876181359,33.39339533504067,983.1897278126798,7.110595943040153,Stormy ⛈️
6.1745086109680924,63.731857615023074,46.66025438796531,999.3611570605103,16.177170780671307,Cloudy ☁️
19.2456040741927,50.43204391763277,13.274820371453616,994.1382728530049,5.894027397710559,Sunny ☀️
21.303577302063434,98.14402628085274,30.573180561283042,995.2245212177015,11.424258355030343,Stormy ⛈️
2.0729414728970763,28.857647466105256,33.924998414631894,1029.147343977735,14.90795478283079,Sunny ☀️
13.464171127756824,53.80387426495557,15.877485012879422,1012.1388706739964,7.5791181962501515,Sunny ☀️
5.37658707755897,23.361974013712423,42.405461750781505,1015.8838078896749,6.055352152348501,Sunny ☀️
2.5349988189107098,79.19232966135442,47.35807314501239,1028.8308818657504,9.186920203456454,Cloudy ☁️
39.59840929559781,93.44612417593206,44.24275588480022,998.860089122882,16.35926988698307,Stormy ⛈️
12.894153798988919,42.40298636403915,36.953348796968626,1020.0920084226403,18.598435262913295,Sunny ☀️
32.3949778341854,88.66733414392966,13.873233986247701,1001.7265481652248,10.901668257197803,Rainy 🌧️
10.185626190550554,43.37745843695182,14.080802105281586,1023.476683590749,13.229324106473037,Sunny ☀️
27.26010888895717,92.86161293151322,48.1680160223019,989.0328770655651,18.065472444778283,Stormy ⛈️
30.409114395587462,80.31695228774271,0.5142247967846014,1027.384308853214,1.9709370282588479,Cloudy ☁️
23.825549624313773,84.39254214731508,35.802498662107226,990.938585420544,4.641571557323301,Stormy ⛈️
18.863047542006335,21.44052444803636,35.31230812776311,996.3110253490465,14.178000125031648,Sunny ☀️
16.473636565890743,97.02482856592208,31.134477047489874,1017.809611705339,16.474889238245993,Cloudy ☁️
13.954730661719811,78.13367936562585,49.50544230434329,999.6877570782704,17.140580566611558,Rainy 🌧️
37.18116576991304,44.380087630890664,15.593971788186261,1010.4105688383223,8.302143537098651,Sunny ☀️
33.22477631150917,86.35157318870776,16.998593189662408,1002.2286750534714,1.7867980458373367,Rainy 🌧️
38.601076426660505,42.521695873194396,3.9469701473277774,1017.1184968544891,8.755629545992399,Sunny ☀️
4.971888939421789,89.82030716529023,22.139906827186874,991.4165626184306,4.614691804141076,Rainy 🌧️
29.23469900814577,29.00643123295496,13.052426311742405,982.9228993618439,5.823929099932483,Sunny ☀️
37.533618272841515,76.29487819686366,17.169335108882212,994.9964698736533,15.445351136750116,Rainy 🌧️
7.249322646626406,63.25587813159282,41.72858951278138,1003.7154332434216,1.5105417205177374,Cloudy ☁️
2.6598506946711,27.722757615635267,46.77422567637478,988.4010026096339,16.55162434961404,Sunny ☀️
29.644825971602362,39.35150626070712,9.286653600259282,997.7398644828195,8.553381716483381,Sunny ☀️
22.978924527196476,20.992322902185183,18.625446577673294,999.9991509146785,11.9212786220119,Sunny ☀️
33.67315107033088,57.50143723716047,46.4315281057697,982.8695921844137,1.79304462471358,Sunny ☀️
5.59089506505158,44.10122086080003,3.0904230344611316,1009.1653624092103,6.747181567145592,Sunny ☀️
31.81069247439561,67.86859874382071,4.6180264055689255,1024.2171713985645,1.7940183802969156,Cloudy ☁️
8.065092801909781,43.77902461668938,8.139549460311468,987.5871456476526,19.230874457622193,Sunny ☀️
6.54623771462818,43.993528920558774,29.760641706343737,1009.8904006700757,16.14523298652501,Sunny ☀️
6.570631917239718,79.45545589852827,7.523613550299873,1013.2369602455423,9.192655087129204,Cloudy ☁️
32.58298880925528,23.851426878268278,48.40381907253668,1000.9667340209644,4.472050966473422,Sunny ☀️
26.607888827848004,92.23159961535897,22.335726362926017,1015.0548793682135,18.669102104997044,Cloudy ☁️
20.922616990764773,88.18110995129452,25.07589801750832,1000.5365771745506,6.891931914539436,Rainy 🌧️
14.353219364940099,73.42437465811253,12.332930790270325,1005.2318643988717,3.219688633747495,Rainy 🌧️
35.08802163252433,67.45772560859075,23.548012621736675,980.3676522277214,11.263287769079097,Cloudy ☁️
15.697804296905415,91.38419985117218,33.095681631850574,1014.5860057067345,18.87548240689632,Cloudy ☁️
32.66397757886308,34.82641436229716,37.55885684770214,1013.0671339472362,0.0766058100064515,Sunny ☀️
17.565396342808736,26.31753297526629,37.69340413549565,981.9200438663172,4.762496865079974,Cloudy ☁️
15.077777176996303,39.16081359276305,28.894555634704417,998.4125053697567,18.76895280820815,Sunny ☀️
18.507191426784257,83.56626229601522,45.217988749692864,1028.9515920395834,3.421719337143241,Cloudy ☁️
12.055114966565682,22.773621338118666,40.87039236530547,1001.0368281284309,2.264869032796397,Cloudy ☁️
29.904375207050045,66.62454680667918,37.852405734931274,1005.0972702565921,11.40374431599609,Cloudy ☁️
20.108815603699167,99.63500129530479,2.780276084023031,1025.496507907986,17.236876465896596,Cloudy ☁️
9.288507805872692,88.45568750700315,0.3438981109824657,1015.8630937932878,9.542196353878523,Cloudy ☁️
35.982982930982736,61.71565512348715,10.622363859773648,1009.1035065562112,19.891285133690495,Cloudy ☁️
15.355648854928457,25.091272742931388,33.176179695672616,1019.8902340670536,13.583433990759858,Sunny ☀️
21.742114444559544,86.50988115085678,20.559874444127292,1023.2183133227986,1.4814981442089548,Cloudy ☁️
36.25888443858188,67.91828065417684,20.120312964965585,1002.8444035868633,19.856642633639506,Cloudy ☁️
24.969519836559684,29.19463976476535,44.22934441148069,1003.7554182465917,8.157884735603808,Sunny ☀️
4.675921628334563,27.508582785868498,44.77814240659194,999.3025467825918,5.748050676909651,Sunny ☀️
37.59328494453901,92.7701455549274,45.458763202679286,1028.335307000923,11.157583671557711,Cloudy ☁️
25.108322122856713,73.53602103504628,15.693903825751365,1014.8583127145175,6.086151836417287,Cloudy ☁️
13.396224586283445,86.34294394534044,34.55279063696309,984.1611533104036,1.7291501424030464,Stormy ⛈️
5.57088290653549,90.31831202258138,13.581659063718481,1023.1479811656509,0.028566861583534386,Cloudy ☁️
31.761007570811838,65.74178816386578,9.530491653722489,1004.0279970418134,8.991667058405246,Cloudy ☁️
24.80291023714054,61.3957081404033,9.231622867368461,983.4376953211244,16.737268444531846,Cloudy ☁️
21.33844367905286,54.43419282567922,17.1053810431797,1007.4858627581656,11.44630371260153,Sunny ☀️
35.75570332203831,45.355727023289546,21.497880988991085,1000.8582139487851,19.984145978868817,Sunny ☀️
31.543888448981228,54.76767686869694,41.54745855275342,1023.8874702431312,5.736932912943999,Sunny ☀️
6.066995189310047,81.91037245841251,5.994554673635605,990.1997301804694,5.609101295201107,Rainy 🌧️
12.46888271182193,68.15387448121052,36.74629236974471,1021.3232304746091,3.194989204678884,Cloudy ☁️
9.93956559257863,91.4018631963877,26.572745709465266,1007.8844345592727,3.2812717653067036,Rainy 🌧️
29.75785170290708,55.47040115033502,14.397267133799623,982.7305151606735,5.703731920200957,Sunny ☀️
1.3412973894311753,68.56716629750032,24.640979226641228,1028.5922650662742,15.856800905470543,Cloudy ☁️
22.79558739485266,70.5046042473591,14.997103488851133,1005.63076220516,18.11513581272896,Rainy 🌧️
30.49834742962762,67.33577298450604,29.804097761915298,994.5438427115791,19.501743394153625,Cloudy ☁️
35.07062547046998,76.2107018468413,21.69219614276221,1003.4703420994629,4.645793081929053,Rainy 🌧️
13.683269948636298,38.9946774699845,8.220276453943937,1022.8928891758744,17.625950912281834,Sunny ☀️
32.850292186880516,60.98910220366325,5.829153727784836,995.2451562192532,6.565101785546741,Cloudy ☁️
4.425269478208289,28.337984224667814,27.33478410360651,989.633819824335,2.2568108903376882,Cloudy ☁️
33.85809166938073,50.760906211585,45.12065166430517,986.4535623465441,17.400498510403313,Sunny ☀️
5.099546493279297,59.01336548970115,17.197884327884278,994.8929699195105,12.722112692872372,Sunny ☀️
15.89149162241469,72.17794076363779,36.65000536113116,1019.0024043520021,3.2946179216212346,Cloudy ☁️
31.891814631182143,96.04248420689628,32.93306774698835,1003.5813182597631,8.596625150260051,Rainy 🌧️
5.996697093950951,68.05208532386847,46.57774571547405,991.374080184677,5.745153897541353,Cloudy ☁️
9.170055809305659,79.48751329412478,41.049050864957046,988.3092499804875,14.73589137420394,Rainy 🌧️
28.89010273572265,60.50128475961622,28.330262945273148,996.6364738255189,9.06832461248536,Cloudy ☁️
28.801461461842976,70.72832251010651,32.85152491170537,1026.9962186442854,19.7855989021277,Cloudy ☁️
25.64590531541189,25.674577290701876,44.919323329201745,997.1513356295012,1.0948996451919024,Sunny ☀️
27.757937778684003,40.35132646734776,19.97593922934674,1029.4062037977317,7.1003053227249335,Sunny ☀️
21.708977733903847,48.948247456411096,16.339735292888868,1004.2615227882678,9.638003342199548,Sunny ☀️
10.07196235627811,57.799468400521086,0.540554181759817,988.9581959145075,10.062671094966396,Sunny ☀️
13.827839740156778,23.6518996401907,41.32755370957321,1024.5570045896754,6.3187164477127356,Sunny ☀️
7.263908672057027,31.201927804265416,40.04903502016825,1003.0177686567414,14.584804981951361,Sunny ☀️
36.33802245334513,42.14514462330446,5.222725905007569,1015.4835671752262,17.494941469779494,Sunny ☀️
23.335671790644817,97.72261527208406,28.842869056635013,1029.1855791604576,18.77438603955726,Cloudy ☁️
16.034056670545596,46.50776056824406,23.199084908344368,982.5087675159987,16.101867535990525,Sunny ☀️
18.480232145765306,58.5632846489666,5.9354547754555735,984.8347279893784,17.011603946131988,Sunny ☀️
37.89133358447261,35.68781701907143,49.02841135303618,1016.0228370731378,11.01090601239991,Sunny ☀️
6.134056124643208,68.86240568606146,10.734794373167771,994.0912501647736,16.51776452853629,Cloudy ☁️
23.44919328067189,42.45465724127794,3.3617090045280573,989.215069847505,6.070078182959044,Sunny ☀️
20.23554715537864,36.55940627507414,29.74236897509548,981.9680939909865,7.969575242184288,Sunny ☀️
24.458169417385914,61.32581027567832,36.943333856651634,981.0923355993101,6.338260276370886,Cloudy ☁️
0.7244073528336203,20.440463932833666,1.6221723023593482,1018.7242801559895,9.347746708958509,Sunny ☀️
34.88495635776606,20.613122611938024,32.93588193635111,986.7216713684775,5.711592324772727,Sunny ☀️
37.28473129934449,37.52550472814862,26.614593797572724,1003.3860307985575,19.232228845088937,Sunny ☀️
22.60532734356836,22.93770900006569,5.163250443752421,1010.2948407589741,6.2568925601133625,Sunny ☀️
27.86603295507569,28.64206033045531,8.626193847318103,1001.4175900284423,1.9608907622187965,Sunny ☀️
36.89997524709183,47.10885194710013,28.398714865804024,981.3553326168117,10.536343321008268,Sunny ☀️
28.289545372535944,84.20685436638503,14.81788067566442,1019.1750751293954,1.1419815689035273,Cloudy ☁️
6.101561716570454,65.76389146954406,46.9157864325658,980.5256612270827,2.2108633261716104,Cloudy ☁️
23.051534406672527,61.01341807651331,40.93701147420254,1018.0944947188742,4.387787783924926,Cloudy ☁️
24.268601855314238,43.47910585664973,49.17836032568315,1024.6652246894062,9.287004997642834,Sunny ☀️
16.96522685209544,94.54029755462531,12.983541947520699,1001.6419960528586,8.665018646180558,Rainy 🌧️
29.457769424988914,51.76120329897533,48.48618163989885,1006.7771236548899,15.993837240055823,Sunny ☀️
37.37468059076059,26.96742134366172,21.561693489577895,1003.8491696308827,14.789493077682268,Sunny ☀️
37.02274051627106,69.3653212894241,17.375939765687733,999.4604309311719,8.526365879814026,Cloudy ☁️
18.033574856165284,29.107071478128113,2.517476348467662,1024.371226768518,6.674084151512599,Sunny ☀️
4.52952183363021,47.61785142413537,2.638262892980131,1024.6966755334995,6.329375681229972,Sunny ☀️
39.39364795849338,60.592955097424706,34.600562797332735,996.7908182320767,15.47990174588018,Cloudy ☁️
33.555923457837366,89.93780197481406,22.896449721701394,1010.7534877007349,1.0414481244253948,Cloudy ☁️
4.986507248130674,59.48372642720949,11.326081301805285,1026.3453781072933,0.2564329902121165,Cloudy ☁️
36.83367530469489,76.18070128253314,30.69851531626163,1028.1029249470675,15.910887838532961,Cloudy ☁️
34.79585448248513,99.42534711992563,12.642905912505558,1005.4479520211024,9.542927519780985,Rainy 🌧️
20.753522285042884,30.519129591838528,28.88158771722113,1002.6412402642163,2.6176227710715194,Sunny ☀️
23.65101742979717,41.97852204156156,17.960437349134516,993.9347157964263,4.711318691890025,Sunny ☀️
15.96010815480521,51.56608604781171,41.17761133059095,1027.9435936595205,18.65007906194765,Sunny ☀️
2.1904655528812533,53.74625428310651,41.034808038338966,987.1407152236434,17.19005951249796,Sunny ☀️
13.407889665836038,52.88168602124366,23.867519906120066,1008.9914788023863,14.195701004479451,Sunny ☀️
32.114137943920454,92.6088802045244,17.54095546675078,994.1275133759319,9.644504606746532,Rainy 🌧️
0.18528092018411435,77.1226115573485,18.12798982795473,993.9504145173898,10.406472523827714,Rainy 🌧️
13.339966867645767,68.6324171272563,40.285726283410895,1000.2484293688094,19.504890705679173,Cloudy ☁️
15.926747743637733,44.74981742902257,16.4089741398806,1029.9396467907827,19.31540887768574,Sunny ☀️
21.495824117516914,85.90323073770358,10.4529686853423,982.7483153419911,4.305380915716686,Rainy 🌧️
36.79422465651042,96.40484091879911,4.234417093765341,1008.9270909101766,16.222091326106362,Rainy 🌧️
13.85383977463845,85.69586260401812,23.33465604422042,984.1286079017639,3.944853323340336,Rainy 🌧️
13.878128075849109,20.125208415317832,24.106604945992093,987.726041499526,4.270749557679028,Cloudy ☁️
29.500049924389934,70.91210961467256,42.04543552014536,1001.978147088645,13.521860683291536,Rainy 🌧️
18.088717635592285,24.090830515368058,11.061934822303199,1005.5230065673221,8.100021971750968,Sunny ☀️
8.984192917599279,40.60857762669775,19.049563683419997,992.9396204182262,18.630888142130402,Sunny ☀️
18.097580645307737,24.761976027821735,40.42028694468455,995.8228565437208,1.7801946979201766,Cloudy ☁️
5.634280815191994,68.30363623595102,41.181180537448675,984.3483510127967,10.230512816189862,Cloudy ☁️
7.055479460248932,74.92719307940854,19.23055379893841,995.1609891922126,18.370430608862424,Rainy 🌧️
19.934710909579188,29.159011045272408,22.956201164334043,1028.327921969027,18.082273209590102,Sunny ☀️
16.757017980181917,50.707110643598355,15.164294542464146,1027.2353690836242,3.1305842683148244,Cloudy ☁️
36.593836042724,56.498920716443365,46.6277439209656,996.7439145068493,7.332754001929129,Sunny ☀️
14.495755964665324,49.52424174087333,5.932188287079016,1008.542696813938,12.382428000933924,Sunny ☀️
23.22353401112174,29.682000038815445,46.6874711500735,1025.4797695555471,3.1878976954280436,Sunny ☀️
25.290571516781213,53.515823214998036,34.19332259176716,980.3091911320448,19.360443440914775,Sunny ☀️
0.5237782635333454,80.09424382467344,26.57860763433656,1020.5341785168796,18.294986574553207,Cloudy ☁️
26.541494880668424,25.680613162660435,1.6329530392247937,1027.4184776394459,3.3390035806893836,Sunny ☀️
7.121438674790057,26.414401126552278,23.779809591100413,984.5662867166778,2.4231092252197084,Cloudy ☁️
38.442812698778205,48.38170334687874,20.387405250136613,988.072384301646,1.708169656165306,Sunny ☀️
5.946509110124518,95.33805692951401,8.060940598756128,1028.0373151385677,18.188873280732622,Cloudy ☁️
16.58496494908095,73.48581173783313,32.82048017503285,1006.8770071820173,3.8724761959092158,Rainy 🌧️
3.4139867231457544,74.29359653380519,48.55754536841429,980.7098317235861,8.325698570887095,Rainy 🌧️
39.87497007383789,48.9535992670292,28.109440553226257,992.8815999381765,8.977027313040061,Sunny ☀️
20.087800413249703,67.49286329668308,35.73766382219729,1002.497183713443,11.98022088427135,Cloudy ☁️
23.815400692801752,20.81049472221947,3.422522628300839,1014.6454455512384,1.4347068749484992,Sunny ☀️
2.683059095537099,70.88768371276338,20.883349790849735,1016.65801890684,4.5351723480103185,Cloudy ☁️
29.998418815967113,93.06295580609894,5.817924258224794,1029.7710756462727,18.62980773837852,Cloudy ☁️
8.39622372382343,69.00587746758553,30.63979177682552,994.375559969188,18.16820214537139,Cloudy ☁️
35.922171577628546,89.89588747730761,46.92410791070773,1006.9110050934238,15.625812948113843,Rainy 🌧️
8.205585619280287,77.9178444372875,33.08888662358193,1006.6661773929802,0.3880249123643087,Rainy 🌧️
7.627508826546663,29.644673312295218,3.8401524157210765,1000.2822629723619,6.540135369922043,Sunny ☀️
1.4619867139237952,92.19626458286734,17.733310249254142,988.458094692121,12.559174706858157,Rainy 🌧️
18.882677804399968,25.31550754846199,27.533168972042578,1028.872828159192,5.503804235469514,Sunny ☀️
22.593645330504657,62.7173978038211,20.160387806662612,1022.6658593333293,18.191733901075548,Cloudy ☁️
2.6283455771340947,31.370969903476613,41.68220052375862,1004.9166514147119,12.677789236648838,Sunny ☀️
31.021104667800422,20.936528858472325,40.73355023549946,1010.1622711342015,1.438134346328912,Sunny ☀️
18.131553389921105,53.76274081021112,30.591551005161072,991.3630526779831,18.18011177671406,Sunny ☀️
20.975610773103202,43.6032566123325,18.672897256635263,1007.1893535195874,19.15533316352445,Sunny ☀️
17.630509877529125,58.88003950380824,12.766818688162207,1014.7485066560738,1.5542483678345098,Cloudy ☁️
16.03052243501304,66.17599093876407,5.2937159106564655,1005.7583514193294,10.647204697226298,Cloudy ☁️
22.385613252328717,23.499125784715787,17.7448841743277,1029.5142585292472,6.067285644283409,Sunny ☀️
6.2096098372285,29.84026360989965,20.658625860385975,1010.5670828123863,7.856781529628048,Sunny ☀️
7.277125219810845,64.69139171603402,33.79114625520368,998.5486856296085,3.593024359106838,Cloudy ☁️
34.47142484054069,47.45338825381266,32.90799121487867,1018.607601380792,11.56144204024825,Sunny ☀️
37.84461848534531,78.33387900395584,3.5054069820628477,988.5231255790821,19.159587064977813,Rainy 🌧️
14.932372651190118,72.18333188735517,19.762965771557887,999.2257906853133,10.06145200543218,Rainy 🌧️
10.829786925742152,87.64834903919254,9.088943360868097,997.3479475188793,1.6582916278896231,Rainy 🌧️
25.75998172956063,75.39942613353801,7.840635265840285,1001.5903547553888,12.400026669548168,Rainy 🌧️
16.349366843923857,54.394486191211854,41.36510748686229,1019.0889912964363,6.804459889025141,Sunny ☀️
1.0154542264137945,73.8373297915546,2.0957608358128765,1004.2086516081704,17.118503791825958,Rainy 🌧️
6.246103894647614,42.03049394043348,20.959143795106066,1019.7007225132982,8.693562966329404,Sunny ☀️
28.638889153895903,44.505079902257016,8.41018278832591,1008.8244451569933,3.856792178844912,Sunny ☀️
26.356957676406054,83.11881279366347,43.9665107839237,997.1034717328778,3.822112453822899,Stormy ⛈️
1.0838397001393396,55.71356131212657,27.852025663751757,1020.4989371841737,15.375283614423207,Sunny ☀️
8.878886477317977,83.8704272414682,11.5690318188424,991.9144835276546,5.311751966147198,Rainy 🌧️
9.242991863522857,85.79378989346228,25.12136435831882,991.2191489899898,15.34466788318446,Rainy 🌧️
26.875709743949137,88.6049870129027,36.574317985155794,1005.2251462027418,4.117746215331987,Rainy 🌧️
0.7884215101745662,93.33081886729659,47.90590044597169,993.0424622981044,6.433727374026188,Stormy ⛈️
4.164343279382954,54.4788176410637,11.022300212270947,980.4543517475608,9.309739448793987,Sunny ☀️
31.996643414927576,45.509345465691105,44.309088606467256,1012.41487636494,18.863916993869015,Sunny ☀️
7.1417864821733446,66.5758997275291,46.71520570837451,1005.5546910736199,18.63462849507649,Cloudy ☁️
26.109844314074987,49.69379387501021,45.82102722660331,1002.2758907246581,4.137437508445756,Sunny ☀️
9.52731124186906,68.08593334401863,31.770717843095493,1028.3484257309158,7.164380824861456,Cloudy ☁️
3.9776557103738064,76.44686901150597,31.491032721735383,1008.5599591981456,2.9879877690754464,Rainy 🌧️
9.726887639978163,75.07240147937095,20.16053165919114,1023.1715788894692,10.199701586269942,Cloudy ☁️
28.890677274226366,49.96423096160971,37.619894115189396,986.972511810258,9.21165101389333,Sunny ☀️
34.22785872425143,33.34881613590022,26.564700917546595,1008.4603231564714,18.015203249014647,Sunny ☀️
33.208794582679666,54.4423470769766,33.871903561414726,1023.3989813365451,18.600107555821452,Sunny ☀️
15.887341184738194,31.4075315265527,21.42289519243977,1009.1552878639949,7.671347820145842,Sunny ☀️
26.723405462825845,91.20776281470467,36.574823202156956,1015.90070890635,9.83475886037979,Cloudy ☁️
8.199371816632839,47.67019685902859,41.22357588022745,998.6021783906103,17.924724982922662,Sunny ☀️
11.72590921044053,32.3567797778659,7.321812830140805,984.6224758518533,16.13415615490123,Sunny ☀️
35.85343274084479,22.035820792460072,41.6464857787114,1002.8950147563536,0.07312622689298554,Sunny ☀️
0.5200769404294414,71.66579090291874,27.014826589515362,999.7239695419429,6.4011912836716505,Rainy 🌧️
3.420341234178723,70.95218539637946,42.233295454511214,1023.3530091189474,8.435484838722518,Cloudy ☁️
8.315450205841092,47.248333326503335,21.56508531705073,992.1997651176237,4.594325673664635,Cloudy ☁️
1.0612881549527886,25.736951107812082,18.952024269151753,1028.3367113767554,3.991432317918775,Cloudy ☁️
7.257417403591893,52.770311591618565,45.75303662586112,1027.906905990225,0.7556901319135934,Cloudy ☁️
23.321662438787687,44.897399605071485,12.558463377420065,992.3815821535719,12.86739450139521,Sunny ☀️
16.856982023699917,74.16965117880075,42.210616264307156,997.402597773866,5.2502058096633135,Rainy 🌧️
35.706868443078996,68.46233995621523,24.201028625470205,1024.7777870436942,1.0469435686262618,Cloudy ☁️
32.69774246953764,49.167498255803196,25.704772127562986,1028.3311110448053,4.619586210561273,Sunny ☀️
13.672694067915039,37.43140434039921,15.4234140744742,1002.1719551418022,16.03827905672253,Sunny ☀️
10.3769373372517,99.04287729244734,28.652110030950784,996.0498522820449,17.029783632930933,Rainy 🌧️
15.187696326690677,56.32012969568919,16.260559813810566,1006.3047006625771,9.661324903866053,Sunny ☀️
23.61179770059231,75.06193886241897,1.9634707120826156,1014.3884603182868,8.321413408173724,Cloudy ☁️
10.72254563291505,31.244237406268862,13.599930267217802,993.673725768749,19.557073870035634,Sunny ☀️
24.96595631396536,58.84717597275183,0.31895217032953393,1016.8236587309536,4.011293191761398,Sunny ☀️
16.376466087649618,22.202937589557237,48.91773935284283,982.582867855732,4.30718565709217,Cloudy ☁️
22.08188723407921,60.436409432835994,48.287360490987375,982.4647246382208,5.8373435407279946,Cloudy ☁️
17.445061165412667,97.12139256941619,19.75776487361525,999.3143852572773,3.4551463656217463,Rainy 🌧️
11.778630381676706,50.736537038864014,36.4185427169823,997.6736596030361,7.587311964083732,Sunny ☀️
37.938132278486265,23.119681005992927,17.290304920521248,995.7816607683576,18.216684539795075,Sunny ☀️
30.544231766390432,22.47646327354748,33.5546578542988,1004.5509881334455,12.306956812571485,Sunny ☀️
5.604527030658102,51.03894079574956,40.27150215229896,996.0366791155785,8.238930972245273,Sunny ☀️
34.73871903591651,32.801994917055524,47.33781223461204,989.6128959234046,18.688215891424296,Sunny ☀️
19.497247929980546,21.868167706254873,20.0106137924836,995.47347745443,0.9692846495164464,Cloudy ☁️
35.78208907576366,80.49708911601414,39.16489914780239,1028.7452136405118,4.205523558037227,Cloudy ☁️
31.99421023789261,56.681840710551256,13.29642253160594,1000.5556708497425,11.31777210203518,Sunny ☀️
17.008540178769337,43.139581757812365,49.51661518968242,1002.2356388429168,12.311052463863582,Sunny ☀️
0.8987723328046959,92.00665464131846,1.2884799382175571,1008.827249497557,0.7911501312522629,Rainy 🌧️
10.747094375397843,29.29111681604205,30.17644032505605,1029.1670384207114,8.060775158142643,Sunny ☀️
21.665368586434678,96.47350631642554,32.97529908256636,992.0800638217881,12.983079296617454,Stormy ⛈️
25.33912879304589,45.117337390188226,34.402277853706444,1014.0641055266217,13.961410928068032,Sunny ☀️
10.315507417328092,91.0722937846945,6.019378939454451,1015.7992346770862,12.762798050325387,Cloudy ☁️
5.574242962912965,68.23543011835693,46.92648917365652,1010.3662208396534,6.4112644872184905,Cloudy ☁️
33.39720947197196,86.136588779319,9.05916395250414,984.4289169818322,1.8704024719581902,Rainy 🌧️
39.37608722814208,98.72105305683715,31.137670161992055,1013.8436137913789,8.542248928386682,Cloudy ☁️
21.027607292107433,43.07243502549966,11.133803956154248,983.2047355518088,2.5750887473611095,Sunny ☀️
6.86717143393214,96.89083883260744,15.360820851063545,1009.8071324774949,18.95247317041334,Rainy 🌧️
10.892293060774758,51.15855159219363,27.322927086406217,1016.9790588610871,9.503417320452565,Sunny ☀️
0.7356270618986693,50.84095237895379,20.859670928228823,990.5484945309976,6.345183487137351,Sunny ☀️
36.57195226241996,47.230968340360455,8.011280048825315,1022.0811003771387,15.326081422378001,Sunny ☀️
4.710043315605645,63.312608587806814,8.546820121042414,981.5176902766502,9.958971851645277,Cloudy ☁️
23.060659020570142,32.33160345427897,20.907239408139983,1022.1906431829153,6.200680480249002,Sunny ☀️
10.96220882748824,64.2969188286409,37.86414891377504,1003.0164525321383,16.239354847816035,Cloudy ☁️
22.167120100631735,63.33638499280032,44.89823234238943,990.8793969965823,17.34304302002244,Cloudy ☁️
26.05681553407457,80.9521450083896,4.206383112969142,986.6889072496984,13.46016332577354,Rainy 🌧️
33.18967214828807,86.69199695500684,19.655195377970053,1027.6653583791185,0.9392884481533459,Cloudy ☁️
8.256850870424127,55.23530802499393,5.012278186143831,983.6332793790579,11.326457603330642,Sunny ☀️
0.4398331463392191,44.1866599481195,0.8296240316298942,989.9546709967963,15.265898239945631,Sunny ☀️
5.475425202752291,40.746791785367556,33.08593413219783,997.3911173716523,2.7300602416716435,Cloudy ☁️
36.0007456739242,35.569906936389756,30.12247209832939,1011.011742448056,4.573415027692067,Sunny ☀️
34.95560310250061,24.61180657592199,8.150955690744311,1007.240054263805,17.649902101362727,Sunny ☀️
23.89652408681233,47.395838306777065,11.690641654653206,986.2821746206157,0.40243443706148074,Sunny ☀️
24.020674417346136,41.61981537046266,1.185387682225919,994.4863991869107,15.05454275651952,Sunny ☀️
26.60146698185022,97.31339086931258,41.74736028472019,991.9375885543012,9.475465850288458,Stormy ⛈️
7.014851144937984,64.61670610000351,48.73452980242757,990.6771427245171,8.935443176792138,Cloudy ☁️
36.57647783699839,47.78216312244061,6.7729768397345405,1000.5572168239994,0.1419306498977435,Sunny ☀️
16.750820995682925,66.43740807949568,11.573760688264906,1015.2015726295829,16.387964619329857,Cloudy ☁️
15.325541129979898,31.13573610765564,43.4204761973467,990.8726466108618,7.196498012731329,Sunny ☀️
20.7567082113135,55.523499936176236,46.32318989780924,998.3339439851491,10.815312626010858,Sunny ☀️
1.8786386710022018,70.0987457136851,20.981369140340515,999.5458713420581,13.546013726713188,Rainy 🌧️
6.651334750243176,59.11182654339611,2.5311236134537065,1028.8228264717704,14.052591528758317,Sunny ☀️
29.52134465705482,52.14230405234594,1.96959168464097,1027.7333178439535,19.119601176521446,Sunny ☀️
3.3119467170050587,99.50787111197586,28.69749330345052,1020.0068791376038,10.626799064732182,Cloudy ☁️
24.126084378655527,90.42518097191416,19.64475544465895,992.0829460409593,7.9943910194885515,Rainy 🌧️
9.813964387252838,69.87247665275521,1.4326213788827258,983.4018657045834,19.074072529834158,Cloudy ☁️
15.571824561679062,65.55018889458262,29.16261961562784,995.8452068860313,12.842204700510422,Cloudy ☁️
11.547749470827995,69.65283838596673,0.5651268294511236,993.3397274716915,5.963007125531112,Cloudy ☁️
14.226908658597965,36.10496862579466,39.368597907463645,1005.2962900073197,2.529284908071423,Cloudy ☁️
28.761836207369818,51.61101946114549,15.321641135168578,1018.8863955033896,16.851090029303627,Sunny ☀️
11.884868624927002,23.156762631271945,2.012900150461605,1022.9161469439429,7.243632055883031,Sunny ☀️
22.656185611875888,58.04368299894613,29.417611049157667,1022.2432042705254,13.209394427288624,Sunny ☀️
19.042016087963987,63.44196671661305,19.884220721652735,997.9837780611534,9.416328387317963,Cloudy ☁️
26.546846614505924,38.21997888825677,48.690020667857475,1014.3617171730341,3.978595595900767,Sunny ☀️
37.47318957299032,97.1223077732411,27.20993312518511,995.641709876211,12.033732172409302,Rainy 🌧️
29.302883888410012,92.75636887497936,13.761959051850415,983.0452771617591,1.2136613790136463,Rainy 🌧️
8.597615143630271,77.77145883647248,35.47194323169874,1015.0782632801471,8.266849197423845,Cloudy ☁️
1.247325402451387,62.670930301229006,13.574600127135566,980.4913776284894,10.932298793273421,Cloudy ☁️
10.490561771993004,89.5975327718148,45.212164570378256,1000.4591293729244,8.72093948237158,Rainy 🌧️
23.803117228010194,30.452187505877035,18.73609852536882,996.4689634651038,14.973443505019816,Sunny ☀️
2.057032539370014,83.2407835419908,27.49342813881026,1014.6688769259426,16.55849909090625,Cloudy ☁️
19.854649888049455,29.985665117347864,2.5286551912114428,1018.312273638019,15.42486148066356,Sunny ☀️
23.87371395667557,83.53685300395243,21.30606189761154,995.2047317985642,0.7762589562360422,Rainy 🌧️
13.369755632678434,42.06140546010856,41.61817698304975,1020.5813507222426,3.882575408919444,Cloudy ☁️
30.836488149832878,90.16724648145511,40.28244026816709,994.6958380252466,10.732150185275486,Stormy ⛈️
4.263930125350872,95.52336750603183,11.215927942676313,1002.316317999328,18.696440808876027,Rainy 🌧️
3.0055112694323505,31.90367755240925,11.303953550528135,1016.3509263507067,16.69913550104234,Sunny ☀️
29.127550248144132,57.01404840523148,40.86526561066184,1014.6460114612395,16.850690167036035,Sunny ☀️
19.81965264824794,98.47899025301481,46.51992100846628,1029.36842361561,6.064163875193498,Cloudy ☁️
27.53609585710944,58.67259487785173,4.768046063650178,991.2580512107966,8.588957941574051,Sunny ☀️
17.39309354414985,89.08380180116362,22.502931971311263,1013.1158956769791,9.414118946318748,Cloudy ☁️
9.856081329564272,67.09852177050558,16.872713948211448,1010.4840954137889,3.1474316669982083,Cloudy ☁️
32.764092706967986,50.02639263356815,43.53442277287197,1025.7549227245015,0.6213626048891263,Sunny ☀️
31.97663515875917,42.862684442069614,4.176245734000938,987.8181070822437,18.938057989210336,Sunny ☀️
27.787858834177072,36.257847286886985,10.556297127901871,1017.5899081793466,4.814251713270135,Sunny ☀️
10.885805489198507,80.94385531021578,37.623416879324715,1008.4134308134384,4.798978074472626,Rainy 🌧️
23.609226674763484,50.92324054584223,2.564692449060779,993.7332934893952,1.6675810753751907,Sunny ☀️
14.438955877601071,60.90203697606009,24.626769035714464,1003.7217457073587,18.57015503887557,Cloudy ☁️
3.663282933065366,59.386038400094556,22.105351733986,996.6888298534899,11.59474229879544,Sunny ☀️
36.692543018489715,66.1823223386505,16.720058949437433,1008.9656701394231,13.340737142507077,Cloudy ☁️
5.472745236758456,89.24617164996418,19.728615765946188,1024.4500305407332,18.23153774526105,Cloudy ☁️
38.0094941528321,98.45914748667435,26.497029346511646,1008.4652492206101,6.9124033780157905,Rainy 🌧️
17.84023091831823,52.606736685905354,8.068367919419156,1011.5861209163292,12.430146222761682,Sunny ☀️
7.405317153544786,86.20151376850424,28.59979391417964,1005.9373923557355,0.7759890945777492,Rainy 🌧️
21.676037895134325,81.16222357237741,40.27161646499932,982.5582753222737,3.7354505646225866,Stormy ⛈️
34.91783343505633,65.88231611644586,38.008046489507954,991.6429278438047,16.62491610179885,Cloudy ☁️
29.288995456382448,96.48377148895464,7.694995234688684,1004.6000864716042,15.335367126766714,Rainy 🌧️
32.26244591445799,36.037961242272225,7.462473487073695,995.5117641872353,7.012853829142937,Sunny ☀️
26.351334668428695,28.74113682476971,13.408718387245667,989.0881798880597,7.53621255548425,Sunny ☀️
27.6910625807141,88.31695735643378,18.05373631705186,1005.2066420959219,10.671088671071589,Rainy 🌧️
33.96782606261277,55.13198533069986,20.42277907042413,996.1404896723925,0.004820093702690986,Sunny ☀️
9.986720354367439,87.75750833656484,33.98486084166726,992.9053821586707,4.824886720760557,Stormy ⛈️
19.57699854572562,91.44721641563319,2.83402160829177,1003.199270872019,4.164636172164289,Rainy 🌧️
8.848377672784089,24.996607489525715,1.7336352113033193,986.6642129041087,5.009658934995269,Sunny ☀️
39.50672031986588,90.67718103888485,19.595528147195452,1026.3872866537704,16.118116850668827,Cloudy ☁️
37.76237358746453,55.86552442955377,34.85818460689902,1023.385104895962,5.593477130928863,Sunny ☀️
1.577072454740236,60.83459912033858,9.671767147824129,1015.3810292870268,3.830426441002963,Cloudy ☁️
28.22300690062754,70.12740088745682,32.07522406281259,985.3106913794228,10.085269215860631,Rainy 🌧️
37.009932696626635,94.11060853840694,12.991406897014974,1018.7938627234846,17.31290072745464,Cloudy ☁️
7.223013805093341,21.52928755438112,44.30430544067582,1020.3978664054509,4.8269940767499975,Cloudy ☁️
22.717809222105178,58.14747746542537,44.78449721333082,1018.3882308857169,1.5707248558559739,Sunny ☀️
36.619531903521676,75.01776339444486,14.864360214066325,985.698294355962,7.128094716993294,Rainy 🌧️
1.3578391434319537,77.81655661585827,11.499687698162026,1012.1953978533883,14.953036491299557,Cloudy ☁️
27.896810689873597,75.40259452296864,20.565198603311565,1021.7162397874699,11.013810893895892,Cloudy ☁️
11.89396029490203,30.75481035264975,12.026579259007436,1008.8676700609834,16.33586739148695,Sunny ☀️
36.975847815061215,43.9516470697345,33.61919216458518,1012.3203687614044,19.19184295218468,Sunny ☀️
38.842329806614714,48.69724203336108,41.30323422741428,1002.9181739713154,15.85324953503234,Sunny ☀️
37.770659564537354,84.3549766143604,33.65460654556085,1006.4353659942026,12.076061576875068,Rainy 🌧️
18.96856866629855,42.30078979316424,41.21752236246748,981.7188429175862,9.86683176104761,Sunny ☀️
34.481706039572536,36.85639710937625,19.84960811037371,1011.9481510986642,0.8013817269653334,Sunny ☀️
33.78197594140281,96.5958415230477,7.815848535443043,984.072360644558,19.686439576280826,Rainy 🌧️
12.764018929730225,20.709062809077512,36.89754736987961,1001.7507297170112,7.66962245150085,Sunny ☀️
33.1566189660271,99.82566845455825,18.023725257077693,994.6327548833704,3.044564278337336,Rainy 🌧️
1.4803053886197048,74.14570390859166,33.56354126145663,1007.2713975105856,13.334177107929134,Rainy 🌧️
23.85079513928212,86.27754395592936,13.532197099088282,986.6708167761603,5.685765781909186,Rainy 🌧️
9.200353491508121,43.56955170769545,4.061481740333633,1014.5821700986659,11.715565418620953,Sunny ☀️
4.822675431091152,21.145222213364796,49.62908977438817,1019.7505768464235,11.735358156891824,Sunny ☀️
3.0781280651683662,79.0295614849224,7.810075396529964,988.1677224871578,8.914596418057384,Rainy 🌧️
27.85155103512559,86.73156776005406,49.42104969817405,985.2156543675941,16.72237231090085,Stormy ⛈️
13.594998550722647,79.23809055628153,48.86399662832236,987.275774139368,5.29934123110886,Rainy 🌧️
28.99067086115046,31.428022984067088,39.69090519540198,1023.856378094925,8.972651832354684,Sunny ☀️
2.614253631957695,80.27423378055752,32.97114810409988,1006.4094630878178,10.75384257181943,Rainy 🌧️
12.611613513224412,81.51382256861127,28.890352512554234,1003.3630498003752,13.272494415345992,Rainy 🌧️
21.57965169501349,72.6832412536044,43.305077268891736,985.3355909551177,15.67943701011179,Rainy 🌧️
31.628926593558543,81.28927462364689,14.471976080974397,1012.4778003378481,7.896145657565121,Cloudy ☁️
12.750100117282797,87.67371517421857,23.38406062424385,1023.3999795947545,12.92093888193192,Cloudy ☁️
25.035655057480362,69.08832913899667,30.969498468325096,1021.4092934661727,3.0122190613703825,Cloudy ☁️
35.43910992944748,27.088377117574325,20.559523793474554,1011.30273544904,18.65296201084957,Sunny ☀️
24.63452752729218,59.01022477337687,21.3743227045134,983.7639358325837,7.66117612842007,Sunny ☀️
9.318378990145352,26.211946773728407,16.51423337510422,985.6198513588007,14.590428439528768,Sunny ☀️
0.9760312622615208,52.60344248259447,28.2115908342268,982.4654493554913,0.40682163764355295,Cloudy ☁️
34.803954956037195,52.56851913005021,42.5287264007558,992.8739608246235,4.10374285809614,Sunny ☀️
0.8507764340154855,25.280787531219325,10.076418900315643,986.7830733580189,9.741650886471561,Sunny ☀️
34.98806690736798,47.905642717558344,46.72165193767207,993.0024020126217,17.56504935464693,Sunny ☀️
21.15748536108848,28.879847903305187,34.45438268741148,999.2529027859481,10.545102999013542,Sunny ☀️
37.56270794051585,84.65881680073777,41.16366063400151,1027.1491392035568,18.59740964587758,Cloudy ☁️
31.951329430946615,95.81504207715766,27.809534631500583,1010.5188029890846,9.675937931655927,Cloudy ☁️
39.9173644213335,25.78531802063509,38.97583507120317,1021.7486892841481,9.808981934718998,Sunny ☀️
14.028472618068406,96.40921658333612,0.8100198669733605,1015.5175750356166,2.3949357700106377,Cloudy ☁️
30.687531557245077,61.80612794693961,40.91902123897676,985.6251565263316,16.053124883044397,Cloudy ☁️
16.077236544369686,43.96525423630991,2.006942954268326,1016.7960203186974,4.93930824934125,Cloudy ☁️
19.195024812156355,26.14896602209308,44.49566881814312,993.7549440779562,17.9922497874463,Sunny ☀️
25.100218528734803,60.04994144563342,49.59813736193217,1011.9553923497353,18.216484406607922,Cloudy ☁️
34.94708456745355,83.56124355925989,14.70337310883889,997.0480986821494,18.866202237482995,Rainy 🌧️
39.363338767971804,76.56691818133585,10.515927814289682,1029.883613163233,10.4046097820618,Cloudy ☁️
30.73093655458073,24.0180809171179,38.26816819290204,993.1775739748389,13.541875695672887,Sunny ☀️
16.71067128669335,25.832146829432283,12.651317046012661,993.9565235387134,15.57031760123327,Sunny ☀️
16.854280091082806,52.229862610610965,43.278119158610174,1026.53361277812,2.620292373009312,Cloudy ☁️
29.50329206355566,43.623239523835466,5.142129607873835,981.2322202318161,12.019143899949945,Sunny ☀️
9.551085830732093,38.59074584448383,6.297759818967913,1014.8344493936598,0.6859580260662335,Cloudy ☁️
4.418964525255786,42.48035991269709,48.957577755030776,1016.266319536794,9.951321667774518,Sunny ☀️
14.18488630563106,84.27861946375077,33.69194491350023,1021.8189288705199,3.096853632404548,Cloudy ☁️
11.48955966616327,94.33824429054832,42.34436122144764,1028.7219655319238,3.658458519241694,Cloudy ☁️
11.852324818239603,52.408215562205314,16.2164688675759,1028.7800959578326,7.30095133385203,Sunny ☀️
9.344310041996398,92.48888017059977,33.82418747603022,983.2638378783232,8.64874333433006,Stormy ⛈️
1.6837275854544753,45.71965609983056,29.71209136542986,1021.0919661376452,12.463448490643746,Sunny ☀️
0.7149573893365524,58.11495890750333,30.15750600614735,1012.315496682869,1.4885683687703133,Cloudy ☁️
39.50889558944126,38.08231982527998,34.126622976886075,1012.3671067186546,10.073835224748892,Sunny ☀️
17.110925349434496,71.23808337406751,28.76795865645493,986.4174963307347,3.6525026050620224,Rainy 🌧️
15.373065886387266,98.31848921398472,21.453118465133297,1012.5093583222827,11.479503500634838,Cloudy ☁️
27.185891307722795,68.2794476834703,13.796134719027343,1029.1241290300625,12.74809224522367,Cloudy ☁️
8.730155514602567,48.62512672908391,38.4290665456601,1025.5909284769723,11.134185131057077,Sunny ☀️
37.99844735800902,71.82539567924226,11.31362150015931,1001.9565330402426,14.765910209566153,Rainy 🌧️
31.453800576622083,29.833654277231005,34.61771530772071,981.9973986643047,6.7121848848180266,Sunny ☀️
3.5764400924903805,91.09272642123189,11.666641132466331,998.1146745000102,15.302131832662617,Rainy 🌧️
16.703231031397134,60.24671606238691,31.266508497722693,1021.3195155800278,8.655341634163873,Cloudy ☁️
35.164732302486584,55.94797936317136,37.35391335645144,1015.0749550732583,9.683689966451936,Sunny ☀️
37.78928089165641,66.86918307628153,10.93569444532696,1002.9671827796979,12.96204254522143,Cloudy ☁️
18.69606044999479,69.9827090231522,2.997165043065414,982.7550767579415,0.3671676799844792,Cloudy ☁️
24.53645556842831,25.742064498121042,6.548687149708704,1001.3447363911652,13.079884428404966,Sunny ☀️
6.681357843683009,74.60937769787219,30.299848363551273,1003.4512469858942,12.371702981442308,Rainy 🌧️
39.646745045479065,39.35453442524236,42.47232031128678,1026.4277766447067,6.196942335065598,Sunny ☀️
9.266868055337735,77.11621060052718,2.2498410617712183,1012.0543051791079,1.7158856979897896,Cloudy ☁️
37.709270965405025,85.80278355073574,36.70756295208231,995.5826458327324,1.8187089982608229,Stormy ⛈️
25.98586595969474,84.31668060420162,17.065932297502606,1006.265913222536,18.464474939704573,Rainy 🌧️
24.309471795154366,64.20007739263113,23.926418495976126,983.302765391108,13.785586424516742,Cloudy ☁️
20.507540440660343,61.613591384860094,46.44297749227828,1028.6284117824869,2.542052275414808,Cloudy ☁️
9.226792468710347,31.430076907152937,16.598575236792275,998.0029950965363,7.134463386178127,Sunny ☀️
7.0611212802203305,82.02769203225085,23.2668466969743,1003.8933677456567,11.849659878031929,Rainy 🌧️
8.819448362807014,41.71275043573715,0.6841207380340553,997.7641987118461,16.711434101812973,Sunny ☀️
7.457530485770181,59.73563382543573,4.0799360002419185,1014.12558650581,0.8732185742601706,Cloudy ☁️
31.18337894267013,42.74192743420134,12.929579556739201,1013.1116079164797,4.732662629400178,Sunny ☀️
14.005010366669204,30.706269039975453,1.3926120410537202,1015.7661155264568,17.7949798059076,Sunny ☀️
2.3137070625358547,70.36461575133893,31.56876630241255,993.4071614805961,0.1833110036763297,Rainy 🌧️
38.764105205632454,24.346562785832305,21.319917840081125,995.7834240582033,4.027982055877748,Sunny ☀️
35.35143539853703,79.891618730096,27.407260136401103,986.2625615548104,19.18048351945932,Rainy 🌧️
37.11009132780852,45.406943620889336,8.732359294816478,1012.7754985923057,12.268036930443422,Sunny ☀️
39.79631290585741,20.010775440358827,14.796601471830806,981.9898563667826,5.233427332750129,Sunny ☀️
6.955809968779492,60.89033113897838,33.191223742636254,1009.884116776173,1.3398218879169521,Cloudy ☁️
15.84968075610635,23.74815268220825,48.26513618151999,1023.4847942425816,0.5638268089444431,Cloudy ☁️
30.32953902816365,42.09356462567196,2.52083868011046,1024.5416074144816,4.894901592738545,Sunny ☀️
27.840824722151687,76.5581189964573,44.519216042763304,1002.451888018498,17.62971639177821,Rainy 🌧️
6.155836253594202,25.015169729749267,28.844060065560424,1002.9651844106537,8.318273085950189,Sunny ☀️
32.63332499962471,87.1470793884802,28.195978337781185,983.8484591504009,14.40666738331986,Rainy 🌧️
8.977622873466427,20.30559381268665,25.013926760388017,1013.5382512721518,18.365700707599157,Sunny ☀️
8.952704592904922,39.74590953615218,3.4697042952091692,1021.0629710186423,8.160809232056332,Sunny ☀️
21.478976915736542,79.27232449216572,4.493842586808033,992.2327527302357,3.825547420747941,Rainy 🌧️
23.717597393668125,45.30161197834454,30.045600282954304,1001.0650440816682,10.34235861713839,Sunny ☀️
23.203448313512446,28.15139104528108,17.047928571777916,1021.9419668382635,18.161673741197088,Sunny ☀️
3.659473495910195,48.81871350403423,45.86340332888403,1023.8560233831143,16.087488282754013,Sunny ☀️
35.09843450521522,41.63146291076204,20.329526867973613,992.1589990132113,1.3165968672630757,Sunny ☀️
10.624001703548242,87.41695217284439,7.1640729351320545,1007.5285317270682,13.851456001551636,Rainy 🌧️
5.180596851312167,45.06783340681145,35.7359416751018,989.6246575317914,11.437950449179075,Sunny ☀️
35.54992319475909,83.11459774208058,14.667671072050492,985.0939382069778,18.14926352692851,Rainy 🌧️
38.226059929190136,91.34977158485879,26.27351536779466,1025.5560250695978,2.4496283370059446,Cloudy ☁️
34.48510469061802,54.70539356612236,34.8916392752585,1021.0253752116055,10.680722264093133,Sunny ☀️
32.38064298899512,92.79545150835136,45.01320556010352,1018.0017450901587,17.589253870237847,Cloudy ☁️
26.20967922556087,50.18544431705543,39.6095597400838,982.438315940657,8.20047573483486,Sunny ☀️
22.034294824365574,97.12627331920865,33.818053393636205,1022.1864396355129,9.63989835465734,Cloudy ☁️
3.4794703964564055,27.143161962045834,33.98165911975718,1001.9022037952692,1.4092135533391659,Cloudy ☁️
16.338128522827947,74.96154132025941,47.296232201604326,997.119756164793,5.5628728089782165,Rainy 🌧️
14.90754068049256,59.5051232365543,14.791204874826802,1007.3238180512689,6.490132983378947,Sunny ☀️
10.39015135041305,51.011904436451765,0.05560470980937038,984.5676621361778,18.902448974897737,Sunny ☀️
28.936804547543396,70.61695029988807,13.597727969909934,1017.83232746762,5.653347210823181,Cloudy ☁️
19.835029403150834,76.3085673307465,10.8945689813372,1009.1217538444148,9.21737470539304,Rainy 🌧️
3.2418486363059174,20.349061572024727,33.09172925569991,989.3295048436584,13.426088471285595,Sunny ☀️
8.807328077992453,33.3562470997759,31.68557998827645,989.4116099884523,3.243667448157548,Cloudy ☁️
27.330350546383837,77.0436840507455,29.67306913523619,989.2124325786338,9.72884774283749,Rainy 🌧️
3.0452343796120074,73.31083308625651,0.812172160472685,982.8501193775967,14.770780789518152,Rainy 🌧️
34.04827656195075,97.28380041029418,36.438902722532376,1009.3899224685842,17.33710426054132,Rainy 🌧️
19.805861080558973,80.88302322006264,16.176520624274577,1022.0174088794254,12.525185493248534,Cloudy ☁️
19.22346309306592,96.06181661850704,33.25279945033156,980.8749106993695,13.381070306338959,Stormy ⛈️
23.696311386380703,76.20324012278456,27.828921425107666,982.4502322485637,2.525669451691379,Rainy 🌧️
32.987238637005966,43.844176691155454,17.13654627139536,1008.6385138343472,18.915529944926945,Sunny ☀️
13.912368316087722,28.429193780068516,6.7288133552053875,1020.9747842693026,2.651481549689647,Cloudy ☁️
27.120646102362542,82.54590906759485,4.720944883024048,996.3369445284317,15.493458743635966,Rainy 🌧️
22.629278559831643,71.53193771807327,41.57591665561118,997.480719940386,5.296326435566376,Rainy 🌧️
10.681130806776853,23.8548809914637,45.9198771040779,1009.8173248748388,18.67186287402503,Sunny ☀️
35.14519945420632,48.80403727207827,32.48940233821498,993.7106444562073,14.39919078738959,Sunny ☀️
31.897040864277123,96.54398523874289,5.171705743024169,981.3304183038842,15.076274259567379,Rainy 🌧️
26.33807338633702,60.0320916568161,20.101360844412035,1016.7614259050798,4.381183461197667,Cloudy ☁️
34.023269163769676,54.61833088157637,36.446960005257864,1011.2824956470727,8.860799532703217,Sunny ☀️
34.6917680383921,56.61596841274352,38.9910442005034,1009.037799952783,12.356263891785728,Sunny ☀️
28.33451906860139,36.7106179204131,5.91093111455443,1017.0842064495912,15.399472364132018,Sunny ☀️
33.48053313454688,49.49657366918362,0.0015359422691207936,1013.7615418781019,2.0791875182477915,Sunny ☀️
27.898858466771344,49.58506047897413,35.60685229403025,990.294099408916,19.247306329090566,Sunny ☀️
27.205630870412016,24.188401614997794,17.829808799310282,997.6240523471675,17.80441341109112,Sunny ☀️
24.74445512860737,81.40541028143346,12.724066580913012,986.3055070839313,5.406971809911687,Rainy 🌧️
30.108665582305647,53.32035455231032,0.644873489476272,986.4928506708941,16.45520486064664,Sunny ☀️
6.344204211722948,85.77439094531387,27.014970338074985,1013.8097873178269,10.366478460796468,Cloudy ☁️
35.23483036795714,88.02784008959163,42.557536771299084,1022.9300053491249,9.236129631240374,Cloudy ☁️
34.87374110980928,36.95952437589264,47.881582313629394,1028.136629193057,6.288682116228108,Sunny ☀️
1.1698913213823658,72.58827857361028,28.287247530664462,1011.4173558774722,11.61937173263185,Cloudy ☁️
33.03267002259051,57.78254433303854,25.72306638699471,989.2050661680479,14.597782354071956,Sunny ☀️
5.154794698937808,90.4125390337188,4.252819274462055,985.2825172724465,8.218658099255165,Rainy 🌧️
13.404754170365676,37.25925433411633,27.443640077129988,1020.6425485768378,12.584383860165842,Sunny ☀️
29.74033025166431,74.22505602480354,18.99895394826973,1008.937823818,13.986258423106076,Rainy 🌧️
6.430395841932328,68.62016978021781,30.356764044178846,1010.914251050686,14.222436340305718,Cloudy ☁️
32.718680964762484,43.624118205746626,19.436317393827334,1019.0731044377354,1.039321962623605,Sunny ☀️
33.28536711830968,30.92807229209381,12.014956172518337,1015.1638613866226,17.194956113701338,Sunny ☀️
20.298709350433448,72.13118083818213,4.748263761418825,1021.7229126428049,9.165066295300958,Cloudy ☁️
0.2554348686733432,79.08779665058645,15.745922229444787,982.8106952729939,5.248321633924289,Rainy 🌧️
11.481525326996511,45.250187501068,4.832241714387614,1017.3760318373253,4.835290149593632,Cloudy ☁️
24.677076735029686,71.5866083217851,8.844847541199197,1022.5426378661048,9.66028225687901,Cloudy ☁️
39.24744712109694,51.61047260892026,49.366807928977295,994.3067521229157,17.736630789379184,Sunny ☀️
25.272541080666734,77.05655066260942,22.20517784533093,1012.0223636996626,7.5669516336529385,Cloudy ☁️
10.39214324256639,35.93722199152425,26.593588325250828,995.7081031918486,14.994514935670866,Sunny ☀️
25.360228123984456,91.21720021089395,43.680926436860766,1027.8985533241228,1.936374619744372,Cloudy ☁️
21.599415188634218,42.99276771724638,49.77844502453439,981.6711786217752,9.521134043021235,Sunny ☀️
31.193815806045745,49.42287902049223,29.135722467234075,1008.9896421916477,19.833722807854713,Sunny ☀️
4.279225553078336,24.647356166427983,40.623691052208585,988.3251773524757,15.40875605584674,Sunny ☀️
30.44111610008112,28.92097698570211,16.347051216833762,1015.611010258858,4.21056976881226,Sunny ☀️
21.650663147044412,61.26895221698625,15.287197872364555,988.7945141709331,10.028829473958215,Cloudy ☁️
38.51968015435978,41.40741413823772,20.13518604972801,991.7691630949179,4.6724952729713305,Sunny ☀️
13.674886641547443,86.83841805937556,33.625363133682455,1004.7185405522879,8.191218545250186,Rainy 🌧️
25.304875725357924,21.175471092396307,34.10958446275494,1025.741747499844,15.601680474699295,Sunny ☀️
37.2811242204007,50.32752389375489,15.76197173247254,990.5857186073986,15.424496305808074,Sunny ☀️
4.10038911962717,46.987643741527414,6.660496206831434,987.2120010559051,4.562007558047703,Cloudy ☁️
37.48913948945805,21.54621047340808,31.619812823275428,1017.9488415927016,18.444466363097202,Sunny ☀️
27.515428892032535,29.949471920040818,6.416293109438226,1005.0309766166965,11.851363655296536,Sunny ☀️
2.713482364206876,53.09141399349082,28.924625411466504,1025.5892556190886,7.59848581924029,Sunny ☀️
12.03854267787265,59.429166755795734,34.67110640281545,987.3307278579921,10.038711615617213,Sunny ☀️
28.326883545811263,52.34317978038953,35.03057481972258,1012.296394651152,12.101425068754875,Sunny ☀️
2.694024058750868,62.475014272967506,37.673605532979835,991.6439573075908,11.197810636915708,Cloudy ☁️
23.28681840705093,67.61053399245452,43.642971078283225,987.838021432582,9.728100710723563,Cloudy ☁️
13.83532227811827,20.79390569022685,24.997949598239423,1014.1714707578635,10.098656081788002,Sunny ☀️
24.836620710699084,57.127612756280314,36.51245947647856,1009.6842309954367,3.5282382085577235,Sunny ☀️
1.829681352500514,97.07993927100706,30.958636768291836,1017.7413729181166,16.25465808609359,Cloudy ☁️
34.86147224609505,61.522582410363896,9.331996989884129,995.4731288223091,10.835206398820308,Cloudy ☁️
38.939558767095875,74.20338139671625,1.2844822434704084,1002.3985828191095,2.621597234094062,Rainy 🌧️
38.75511421142766,44.949108633350654,14.227069283846689,1000.273583816521,15.323142031655559,Sunny ☀️
29.98607326971699,81.91931025222101,22.15168531688097,1029.2044731983258,18.648879567547016,Cloudy ☁️
5.203449605225279,81.8337185500892,30.855297221432814,994.6124478369694,18.94613798473924,Stormy ⛈️
30.330527837160904,61.703683812331114,42.497966525160265,994.7408619173383,7.380354648223455,Cloudy ☁️
0.9834766583520604,98.08110586233708,9.812285835308282,997.7274104414304,2.7103374712150807,Rainy 🌧️
0.8849420611598902,30.044017181012272,6.277489494923855,1008.2297040645161,10.367992532661303,Sunny ☀️
12.944408765981649,21.35581319116648,48.173997373716375,992.6161372131872,2.2521845869844137,Cloudy ☁️
19.545727616186632,81.61265694056767,5.402227968820355,1025.7644970189638,18.679748370252344,Cloudy ☁️
30.81629671231173,84.5724429891906,23.92455350535946,993.2842782433132,3.67159254710292,Rainy 🌧️
27.33181506426021,29.6165783296461,29.278186439665095,1024.7907865780098,5.055317199023282,Sunny ☀️
17.836108255069934,41.24662663668849,27.068721045371912,985.1737531823293,8.132730537699409,Sunny ☀️
10.945066651266636,21.404189069330315,4.3016078516471605,1012.8281351199826,7.663289371182516,Sunny ☀️
39.884980006308446,43.46468886244517,2.8513457001809686,1025.3492759219123,15.89325784795778,Sunny ☀️
17.047252089438917,81.85134991349372,5.274171373051784,988.4374719199114,9.126336411019247,Rainy 🌧️
18.05548097318702,61.436842217006316,29.279384193630626,1028.4163480049629,3.415365200066738,Cloudy ☁️
6.544952847666767,47.84764745346305,27.217244381716053,1002.6441680207756,5.344197909721482,Sunny ☀️
31.792381949997175,49.73914359250642,11.687039601837213,1027.2857554220511,10.18226770375044,Sunny ☀️
27.747289031259545,20.108290057237454,31.888707092279578,1013.8410021815023,2.949078348522698,Sunny ☀️
8.830784511550416,43.98404220521887,41.00337510278247,995.0793434936776,12.233113512920282,Sunny ☀️
3.295241824633708,71.71669933103445,2.078947992329688,989.4151262458553,11.314946131022918,Rainy 🌧️
27.219972082988523,97.93555550530857,24.90649717740212,995.186752311255,14.294046327645153,Rainy 🌧️
26.18044857124541,87.76486615871195,34.465520605134515,984.6508704631337,18.754092307587353,Stormy ⛈️
10.930381079928374,21.88759717164233,12.615596353484355,987.1933983171665,18.245091222023113,Sunny ☀️
38.03454249001641,91.88484837398715,15.388545264657456,985.2330220173241,18.921512361376628,Rainy 🌧️
6.042315671236009,82.65587306389008,30.68189514946919,1001.1471771870779,4.894311940474019,Rainy 🌧️
17.293392041704077,82.43008988567843,44.89676467218685,1019.7789188128793,2.6313061327870924,Cloudy ☁️
37.74463680670395,56.63966072028572,40.49622101514497,987.069177710817,6.04553400992897,Sunny ☀️
16.78909267704489,51.840423436360226,29.156510954979176,986.5160216586168,17.90170345532629,Sunny ☀️
25.54103790656342,44.23325830665541,36.51108588786246,1012.1714474758666,19.441069492469765,Sunny ☀️
15.903775918511771,25.255588716349262,18.241123510389933,989.8591490984033,17.18649902140952,Sunny ☀️
10.968608093946802,38.258829079495925,32.04827640493789,984.8805019054496,2.200354422550872,Cloudy ☁️
39.359105918393126,39.72829079824197,23.30907955637785,988.3424289102788,18.948559961195862,Sunny ☀️
16.37336025260172,58.72616557681613,9.496806822878046,1026.1865697938388,8.46716054701572,Sunny ☀️
35.76396814716538,79.79555252773551,35.08691369386286,1021.0735626388096,0.18620581524707358,Cloudy ☁️
9.198184235643447,57.90478627183573,27.823231867441102,997.7032281177547,8.847874814963872,Sunny ☀️
8.524188161003332,24.62755595577285,17.93107909767957,1012.7910383663697,0.9213833935093518,Cloudy ☁️
1.2453633153804544,96.62318407905632,45.566959503931535,1006.863783683402,10.87755842322235,Rainy 🌧️
26.066673015035402,95.41794552752899,1.0467058913366634,1013.8562131741282,6.771080548741026,Cloudy ☁️
14.741053748950446,82.81516345187268,15.7886575624748,1014.133557623138,9.468698671880976,Cloudy ☁️
34.57432999358548,99.30623212513764,2.844069888882328,1011.4367007529996,12.26340721486234,Cloudy ☁️
18.928396267662286,63.55858662402103,38.32636581108136,993.3050684268654,17.376021916356407,Cloudy ☁️
38.72773711658887,97.02146802025649,35.10537270568963,981.9503210381409,13.238031529438572,Stormy ⛈️
7.421020628124846,26.048403249340062,16.567610936815854,1002.7783390995054,8.680977369563614,Sunny ☀️
34.744926718224434,49.254459860909705,33.78314511035365,1024.548694234535,16.388557073407302,Sunny ☀️
31.06387411166967,38.030501440541265,19.796861309797492,1008.4748629259288,18.111642751462643,Sunny ☀️
30.83687378576208,35.666646730741604,37.812689571121716,1021.6195520850954,2.3951993286439444,Sunny ☀️
33.79132912467551,31.264235911414087,22.709183136835303,1029.5812171480613,10.638659551055829,Sunny ☀️
30.440959637719956,69.79309132527973,20.61398639158328,988.1808102069139,5.690239194848883,Cloudy ☁️
25.048812865256615,82.5057484597844,46.73649577441505,1014.5888819570991,0.941223957538948,Cloudy ☁️
5.249795107295503,66.26387195362885,12.543954994535012,1013.7146786850012,13.370933902279706,Cloudy ☁️
1.3010471796500767,31.757016767056776,6.022366999828272,1028.997772367914,17.255415549184512,Sunny ☀️
36.83391391262747,84.88990159467767,29.22715566297291,1029.28003669764,3.258053089547881,Cloudy ☁️
24.666012580829523,70.87637657309827,48.466090614208944,1014.3339305862065,16.24827315247801,Cloudy ☁️
31.861491639047053,51.05325649015964,18.891960686359333,992.1807395991098,17.067914670738833,Sunny ☀️
19.260894060502004,73.93042364288505,3.101838181439076,1019.9277919065299,18.28680885332967,Cloudy ☁️
4.692327558495779,40.792398339426626,16.96526336547837,985.3514567105519,5.305701781721048,Sunny ☀️
5.0074316881020176,47.61537667953684,25.296582715977923,1019.0349652085814,18.079061303797786,Sunny ☀️
27.422611489158854,93.39886745055922,8.096150331610685,1025.5098062072348,6.413255094728645,Cloudy ☁️
17.212235795978508,43.240360453713635,32.9051109028246,999.1416697384218,11.046760269110056,Sunny ☀️
8.020989068013469,57.59906145263493,49.88746945051003,1011.531764749154,1.0101494166456426,Cloudy ☁️
19.663781869657477,91.21129099168117,22.58697379907219,1001.5071366048413,0.8776217673748721,Rainy 🌧️
2.5683574830053635,76.6177080214022,17.736427836510632,1001.8882527494064,14.407464254644058,Rainy 🌧️
23.278856076575952,24.97625809317622,20.035208341723333,995.518544455406,8.88959955955582,Sunny ☀️
10.759736177403907,31.784243542317625,5.757308919760057,1018.1064810225163,5.125847507384352,Sunny ☀️
31.902364025487525,20.627327261753344,44.16368007131119,1026.8088282083252,3.808269920498204,Sunny ☀️
12.41447835694295,70.47374321833307,20.7412827760676,1027.0375429617231,13.399069817184362,Cloudy ☁️
18.20880596327205,55.81387403283347,19.363720571242066,988.7390642437467,0.008030880506797455,Cloudy ☁️
0.4648215963240254,30.741988072182043,32.984513646523716,1023.7371824828283,16.117823383937086,Sunny ☀️
2.897875511782355,96.63472968454164,22.101671046556177,1016.8715720713561,1.5849921225985764,Cloudy ☁️
15.699742256267392,62.37277791564959,32.4116734403923,992.6418700345145,3.829792298162389,Cloudy ☁️
19.19755338868494,39.351463529031136,3.0723145065393753,983.3642306460757,7.724727905981792,Sunny ☀️
24.000821924772147,60.0482856923766,40.68616718611137,993.3998633442189,9.697174794322072,Cloudy ☁️
11.66650314837213,74.36962661880862,47.02519764397013,1025.6104118390763,7.099902316278836,Cloudy ☁️
27.799275445061703,26.099137437885158,32.4382693079693,1011.6589337447887,6.414243299685878,Sunny ☀️
34.40489588756818,41.97630520383136,47.72829644294054,1016.0527330448936,19.278320241463767,Sunny ☀️
31.194039555733994,84.55723927071949,7.5716157184981645,992.8576175554548,12.831593624867885,Rainy 🌧️
1.5847530139342858,56.7731896322129,23.870809474017683,1015.969407778741,0.46865910734776417,Cloudy ☁️
19.220277890313156,63.72617136258359,30.090336697272363,981.4060753138962,8.603518168886264,Cloudy ☁️
4.197207136726995,54.62528017675754,29.086832371059334,998.7660672886507,17.500173994879404,Sunny ☀️
9.681800634501098,23.51199541144041,20.07308895445216,1011.3376674271166,6.029123728213359,Sunny ☀️
39.46650373068586,33.259982385612474,16.90422046831307,987.304828277066,1.8911268954877647,Sunny ☀️
5.699821716060529,55.64333109935127,6.34120112752094,1021.1501787223467,15.167695431798355,Sunny ☀️
19.955526138054243,36.73483723263423,19.58712252811391,991.7515649405959,12.120276638721625,Sunny ☀️
24.726229372724763,23.998322292774297,8.133040755274257,1012.6140556409223,11.406250156530078,Sunny ☀️
28.098598821764156,87.4919731241459,36.71828382461092,1000.2598571287665,1.0715311921481585,Rainy 🌧️
22.385947339476566,98.49540233312926,10.441546774729499,1009.8021797738824,2.8099801959103465,Rainy 🌧️
0.39083389676734637,83.45142991973916,2.9282652642266926,985.3725276314455,12.450987924262275,Rainy 🌧️
13.058452329759675,88.30279373637336,27.618306890861717,980.8456399960804,4.156476829176716,Rainy 🌧️
20.708465735388458,39.35817042536363,29.76148663597008,1025.478221369015,10.081401594968487,Sunny ☀️
3.514659965793334,96.85015804105598,43.59565306402528,993.4815004383591,10.89763372058787,Stormy ⛈️
14.02507724836723,35.75405635627427,28.849080620884095,1020.9838501390229,5.670143805418788,Sunny ☀️
1.3281243516546626,96.11438482894658,17.274042686172287,1029.96751502361,18.968503110829857,Cloudy ☁️
3.1431398862008297,99.58554351727608,40.150594076316025,990.5715628999455,16.8492821367115,Stormy ⛈️
15.876931048063842,76.9378244596839,27.013944659371052,993.2585370591678,14.44747015265597,Rainy 🌧️
5.308630161722414,98.49149854334576,3.964014231559587,1013.1429893817333,1.5598773281881817,Cloudy ☁️
22.701633930462325,65.56318236536829,28.292528015662334,1028.272431730031,2.122600386180389,Cloudy ☁️
27.57859876549063,40.763342654087225,45.40092727108312,1025.7907174095371,9.855626917299114,Sunny ☀️
32.02346796436331,54.95967085324967,19.815631274911027,1005.1437760032793,3.2142669838197135,Sunny ☀️
8.006009769792403,67.48487483030289,14.816290094990004,1019.7555141263363,19.56530927058948,Cloudy ☁️
6.69930329036279,25.846524962161197,7.173472850901002,986.7872926549951,3.170404680548189,Cloudy ☁️
4.18271361337601,69.7874611693797,7.572276096767866,1028.8719092102006,9.74935670927948,Cloudy ☁️
25.457209981745468,98.49422694098357,21.638574217090945,1028.2176617017992,7.282421136830108,Cloudy ☁️
28.259029059476045,35.20861198269821,29.783991208076475,988.1864478939585,12.787728429081959,Sunny ☀️
1.2634457930256815,83.40760930307067,4.0307702584800875,994.9711562401553,2.5807281777884983,Rainy 🌧️
37.448489849747595,92.63190350236955,46.978429451258286,985.0077498753384,8.606328560847817,Stormy ⛈️
2.0788513460588964,95.49612742561766,37.75668087225979,993.585879944909,5.494100656142873,Stormy ⛈️
21.65185341204282,96.81084835243578,29.331195914183134,1020.7977894707603,17.75503049343376,Cloudy ☁️
28.362420778036658,61.71677109771775,41.42193354694954,998.915780358263,0.8117142426939017,Cloudy ☁️
34.83876494984342,98.1846326393203,4.009337840605665,984.419848357338,18.274549880129186,Rainy 🌧️
28.56347728529711,80.58481657075511,23.84194388665622,997.1112762389453,16.65988277106001,Rainy 🌧️
32.069123322791675,32.93371489895695,31.50465634308317,1029.069166712064,5.951414328816309,Sunny ☀️
13.578007701712242,58.1520085174376,41.43264530591446,1011.4841797629601,15.785813093542094,Sunny ☀️
32.59300454986049,77.46649402976033,39.17347800246338,1000.8080473203079,0.6242712067749512,Rainy 🌧️
3.2045938553870057,39.787225265526665,13.853462485669981,988.3269256748634,19.33731100586787,Sunny ☀️
35.792666242421106,71.24921468391099,47.04400847796021,1029.3088398641848,10.531898851795788,Cloudy ☁️
21.90369504614945,73.32803832372954,6.217292071543517,1021.0424504631565,6.065620521308905,Cloudy ☁️
32.69191079849975,33.01597950468527,43.75668093105761,994.073865122546,7.2516642518935415,Sunny ☀️
18.092731380732005,65.2068249962205,48.547012480230926,983.5034347860595,1.3281070692099473,Cloudy ☁️
25.743107807860998,81.7301528782886,8.857676161131279,982.8312778688779,19.786990280840783,Rainy 🌧️
21.056106437444527,59.91165316287535,36.10330321018927,986.0189074752767,0.7858389030138491,Sunny ☀️
29.263580870213275,20.968249342088594,2.014275938899923,1009.0384291807211,13.098142462957181,Sunny ☀️
3.265199281223583,20.723077526343374,20.271141256957748,1026.4381710602747,8.854718554129166,Sunny ☀️
2.414083359622552,48.562347517600976,25.8141649598837,1004.8371714002992,18.978324363774302,Sunny ☀️
9.884129360405858,94.09552547454255,29.032261295481703,1022.1472741228099,4.919994806135904,Cloudy ☁️
6.381787204527534,38.2941423682887,46.79686241242798,1002.2943309929904,10.641736478760226,Sunny ☀️
34.87134266368807,70.74909510973498,33.61253436470973,1015.4291772883912,9.64712417165506,Cloudy ☁️
8.768559494321773,37.76606965546564,24.06389756096185,1016.593636864325,14.057328881002027,Sunny ☀️
39.03461023276525,45.73359917276389,40.48375181329447,988.6981852951669,1.3602046390484102,Sunny ☀️
13.475831670844274,87.84336716811872,47.526641047720446,998.0608029487906,3.875782600467097,Stormy ⛈️
7.284716627547971,78.30891538159575,1.1033074341145421,1011.8651078269012,4.291296401856997,Cloudy ☁️
31.587940285699165,27.63194218505685,49.126063612801936,983.5348304092183,14.763015096833794,Sunny ☀️
26.348311020035045,54.296161678914686,4.3066069531840165,998.0770093881479,3.7827739265348015,Sunny ☀️
19.92782865812556,22.333581091621156,40.71933896343807,1006.7399733140596,11.469835277819534,Sunny ☀️
22.21454203750525,58.47121172824072,14.016737627570624,1029.8112246522319,4.304876410019074,Sunny ☀️
28.768071130890554,72.99472093608544,6.608982887693587,1003.7266781311221,17.232499001679567,Rainy 🌧️
9.138189653251949,29.480209887852126,21.992781985691746,1020.8028378557162,18.84370908979277,Sunny ☀️
39.853356642269674,43.11079511273326,32.19782897238068,1001.6033642533309,10.369859498844809,Sunny ☀️
38.991726485871325,51.826930040172556,19.04759225117375,1019.8195361309854,7.046177684183565,Sunny ☀️
26.013027453877477,93.56248197248398,2.728270414134948,1009.7707400810054,4.681155500349982,Rainy 🌧️
7.981698037165805,99.46040123383712,29.97305698293583,1024.32977207512,0.9956200304608753,Cloudy ☁️
27.209129697251655,23.592903919649267,45.120163805533736,1000.5471276175055,5.370001523949908,Sunny ☀️
2.8879363591670337,80.88063387963136,19.160768297362583,1010.2152209910739,13.084715598906358,Cloudy ☁️
1.2261000882322426,49.73792531218746,10.816638881541351,1011.5009340309414,10.672338626184217,Sunny ☀️
10.307315540448547,51.396654898358406,22.12886729664077,1000.8691470900237,18.880825565618547,Sunny ☀️
18.504918269572652,80.34119786776182,2.4181355524390433,987.2156021843741,7.925545249834012,Rainy 🌧️
34.73090021633522,93.4741145716327,41.02437922401374,984.6779703456168,13.87726684656789,Stormy ⛈️
29.086762790652323,96.07428756020387,41.317040547509336,980.8335775299817,9.786454949502428,Stormy ⛈️
29.70826084799924,66.16980688306566,29.400023171481422,1023.6767132122608,10.251524318484233,Cloudy ☁️
17.019733377923014,48.569692744040225,17.655144446919476,991.8237456119348,5.35548629208235,Sunny ☀️
13.837399701878518,83.00392686870234,39.989168222289166,990.5753374640884,9.099015536839994,Stormy ⛈️
14.841550519384107,40.08011066098402,27.73435123941836,1016.8017700213032,9.415699940254145,Sunny ☀️
39.505982549442315,65.12592230668142,41.29661542750081,996.0008056543696,14.132850434978678,Cloudy ☁️
1.6043676564992992,48.68627692198985,31.57293962915103,1005.3022346205918,18.81279998372228,Sunny ☀️
34.681259844897944,72.5304858966301,39.22027366063986,988.1255532648728,6.586425549650086,Rainy 🌧️
23.147016342895736,39.23191303148055,29.928149660888,1027.9872860730984,0.8440093716259689,Sunny ☀️
17.54461676758362,35.32743565878606,20.70705341078331,1022.5790700008619,9.925902510012794,Sunny ☀️
29.01030641660546,93.45912693403497,47.89729299630688,1023.1894811482501,10.889226642983372,Cloudy ☁️
19.466757656988115,28.14429463596295,27.05569124394224,1000.3386874286002,3.368811022638305,Cloudy ☁️
34.93692952326642,60.47663261879453,30.25447592702692,1018.1180606853586,15.209292125521333,Cloudy ☁️
36.02807456045034,37.668222637040714,11.024381970737462,987.193807769489,19.698582168829834,Sunny ☀️
16.868837074938217,23.114397066053396,31.282539471363823,980.4309501295891,18.915494340169218,Sunny ☀️
11.073111889402064,22.881505463314113,28.580382474147193,980.9986466289014,3.9421207764730437,Cloudy ☁️
23.694013143734487,34.01774176846619,9.241919897351247,1009.330086870228,17.507264798015214,Sunny ☀️
36.49453382466764,89.34162836048002,2.979354867657186,1002.769745262397,14.089872728233694,Rainy 🌧️
8.426487560226663,42.598299518162136,30.217965985738555,1005.900767445426,9.076931276138232,Sunny ☀️
24.91866334253931,96.03673364602366,38.18461346751603,980.373157020861,10.812219886494582,Stormy ⛈️
25.262408803700822,66.52978343913549,26.17006854610041,1001.1343309828712,16.99200349964916,Cloudy ☁️
29.32452089661124,54.92913518150129,11.338631265982285,1015.903408060043,9.602698792767463,Sunny ☀️
5.262707405090392,66.40710677355636,33.326098834651745,1002.1346850983718,7.464147382102537,Cloudy ☁️
28.63299858728354,61.33587081810142,4.0052863304801125,1016.6109603156111,9.864949860519715,Cloudy ☁️
36.36130082662564,80.70210030058601,22.091685240097732,991.6509482198418,11.582596080700982,Rainy 🌧️
7.187324354809679,42.59968527782818,8.16833791992101,1020.6571002240863,3.781553075566977,Cloudy ☁️
9.501732996955106,48.24403132802419,9.222952552994169,1009.4215620226726,18.018154605339813,Sunny ☀️
38.855803761665584,91.52754420266005,10.114697457910182,990.5381549714953,13.483738976592276,Rainy 🌧️
7.239078108379591,95.71652105203243,19.335352852198895,991.8360237926917,12.665378346749778,Rainy 🌧️
34.17540373478317,91.40465819891796,2.5575102810198813,1011.4015232284769,1.9899245236127627,Cloudy ☁️
19.69111425792139,53.55583951658509,19.88967204645491,1021.4969796606222,12.083478763451836,Sunny ☀️
9.889242976127083,82.42924024055054,25.585372355735043,1000.7813891014578,2.4192132447698467,Rainy 🌧️
34.829996050900455,58.1068586640879,24.164714248316262,992.9150214563796,1.573953503907981,Sunny ☀️
17.81221020010662,59.80318817168818,19.139205020152026,1023.35058034553,10.546217912847865,Sunny ☀️
20.59269415718761,36.374408724582715,41.957330403537625,1013.4634145875417,8.055710680929899,Sunny ☀️
14.369334775990627,67.29042426068132,7.266334621025205,1002.4042743641538,11.776205403124465,Cloudy ☁️
23.718034057397098,34.89087182026783,25.2848371890687,1004.395009763965,1.7844433611447719,Sunny ☀️
6.540954903400911,46.5251759253755,3.102070847827715,990.2128233968198,8.619661256945168,Sunny ☀️
15.643261466070427,88.40241612959481,3.5577839438954872,1011.3401315032422,3.4957343009031594,Cloudy ☁️
38.7764928934115,36.56606473686842,28.693292483854815,997.9371255271444,19.74200171848233,Sunny ☀️
10.325337308045102,25.692662813874627,28.30092124439105,1029.7822588337174,11.223004248703488,Sunny ☀️
26.269466581651688,25.520607409025303,43.90167564222285,1004.0091757630944,13.748737218817347,Sunny ☀️
13.007602568987796,95.26276164024863,27.89368378300366,1004.2942803094807,6.508365613652156,Rainy 🌧️
30.938925027464027,60.55363503694677,47.98955102024251,1008.2925893705336,1.894778295586883,Cloudy ☁️
5.234946428733993,52.752965745361465,2.434742419996488,1025.8378001559374,19.517417255670733,Sunny ☀️
38.79284180314179,84.87028648063347,4.900384239037053,1020.0409049929875,5.7251807076636645,Cloudy ☁️
18.15158165534557,86.86607423284129,2.20329307851907,1002.5565034898921,8.476163703471485,Rainy 🌧️
9.442018533858558,46.575282649248365,9.263842516677002,1015.9349632986398,12.9972784340515,Sunny ☀️
2.9398698932005063,75.48944459790363,27.063505547083906,1009.3117749390381,0.4939459537222257,Rainy 🌧️
6.79031620350163,81.68982526815093,32.2786090713714,1004.6183524350624,16.205182610345737,Rainy 🌧️
20.790957942240706,72.37205494927636,2.27925789743344,989.6157886392175,10.731563800572406,Rainy 🌧️
13.480127057251451,32.12760598400795,47.298544492279966,1003.1968131727446,5.564343741376443,Sunny ☀️
33.15533463530438,90.07064668136456,42.10826883251905,992.2909293511287,1.232159705849385,Stormy ⛈️
17.235500946472236,63.12756421888069,14.830624107854657,1025.7421074925828,3.2499683094888288,Cloudy ☁️
9.948570903505196,42.597794109600294,3.859376511323398,996.7703406748174,17.900677177068737,Sunny ☀️
24.685799464161203,54.01825483501551,8.494353660952864,1027.6132007266685,13.72048447871782,Sunny ☀️
28.271088675417833,23.00568723191259,6.347220687748633,1006.6527645047356,4.998034432737796,Sunny ☀️
6.681676316037994,30.229344097793405,6.164188964947343,1011.577218933808,1.3120152989005907,Cloudy ☁️
6.7047686515327065,81.24374004126886,25.928084433286696,1007.1470222244664,13.812306247732726,Rainy 🌧️
1.4668570773417189,20.000930780429293,12.292372124670015,986.469030848335,11.448154519355302,Sunny ☀️
29.45608060262562,53.32526627858337,17.906985826457223,998.7910609503971,8.090390489164701,Sunny ☀️
26.552181104872204,61.800814486847074,49.475266669216126,984.9573056138812,7.272228983801277,Cloudy ☁️
18.985235029992555,24.370753600077784,34.21571244626724,1011.1477022091691,4.336285518582166,Cloudy ☁️
33.76681795876789,97.84625303778662,47.44903335235007,1002.343709760022,13.392225130750353,Rainy 🌧️
32.22680611800213,38.09002649997375,7.127827751655779,1018.8992485785468,19.41336055587741,Sunny ☀️
23.414174575870085,44.33589757090247,19.106973741628465,991.0235240499685,3.514304916736517,Sunny ☀️
34.73085122053035,44.31540098040219,27.736590164117715,988.2283029214667,11.942332400310068,Sunny ☀️
8.233648401470731,38.43333296938799,3.837903094436901,1000.3166115481883,8.483701114919524,Sunny ☀️
4.476784775909115,20.11790576690491,0.20937218139789326,1026.329269160919,8.933774434893298,Sunny ☀️
10.789984460679584,78.34758352703972,33.521716689845874,1015.5210907506206,5.082945602556288,Cloudy ☁️
2.283474243572594,97.34763998394283,32.09097584007176,1000.946181239646,16.50269751322838,Rainy 🌧️
21.24678112004128,37.94347866280361,20.53944049998059,1005.8636084877155,9.705112082944822,Sunny ☀️
37.464227691798456,73.0437753442738,24.48220380160163,984.2106505588549,10.868117043965281,Rainy 🌧️
1.5737416267403859,79.3517061566972,20.77215002960448,1029.2287948188057,6.095218255946515,Cloudy ☁️
4.884396560401072,87.87403032724198,1.2002522422444428,1013.320365234746,3.636169313338995,Cloudy ☁️
18.087961131337412,53.81033576108873,16.768580310873123,994.2702034231711,1.7182077640564097,Cloudy ☁️
37.3550007011162,44.23447245123434,8.854112769864491,1009.2904197107622,14.282382818498318,Sunny ☀️
12.64624419907002,46.02361072184249,4.921209455068437,985.4741183034497,3.9246856337571123,Cloudy ☁️
20.289392347535696,77.00970664788102,47.83602169446749,1028.2918334403792,13.801507083775954,Cloudy ☁️
1.6629143620156839,85.34235732045089,29.967986252108282,988.7392493941683,7.8075289209390775,Rainy 🌧️
5.9337280384835545,34.52911742052821,36.432814211830134,1012.4015159027607,8.315496019793029,Sunny ☀️
39.46520491835388,49.67528065262122,15.768187163305875,992.2727231269465,9.383549921855433,Sunny ☀️
38.60474785744182,92.155215739932,19.65735647470076,1015.8780691324268,7.354170162550863,Cloudy ☁️
0.19759923737638463,84.53548157557914,11.846199694836173,1018.8410683620141,2.0123995444518017,Cloudy ☁️
38.07247141692956,98.78867222099807,4.848283548271237,1013.6709864455717,6.192636200056915,Cloudy ☁️
25.564797512620014,80.33986077456646,8.95158187207919,1010.7249730127596,13.274687213878769,Cloudy ☁️
34.716731780800885,51.45561608223378,39.87570226482429,1024.6234546976007,13.31568802937742,Sunny ☀️
18.189594225354362,67.25102671957103,33.87729025918879,983.9313355494879,5.724486144799887,Cloudy ☁️
20.62384114317001,72.88114033978562,27.346443799273846,996.5457382890097,9.20205253115376,Rainy 🌧️
19.55386321027681,26.276465305369918,23.754493643338403,992.4143739815423,3.8689445602387496,Cloudy ☁️
26.674570301844174,63.55975672830921,46.12171418280622,1029.400698103271,4.2074416305967155,Cloudy ☁️
5.586050190252516,76.74566627780877,3.6367473889334203,999.4694889833437,0.46094176813214816,Rainy 🌧️
1.198943594907118,33.38570432008483,14.030040661895798,1016.6306349620199,17.934930998154893,Sunny ☀️
12.317197663647637,82.45053739404457,17.4968926785357,1014.2362581940503,4.214133301498125,Cloudy ☁️
28.18723050946587,66.70182244112894,39.12129061063939,990.6040618738689,4.550677538729266,Cloudy ☁️
8.074138084917934,96.17774285580757,49.62573100809857,991.9498840105775,5.592028652902636,Stormy ⛈️
26.937297332996692,23.393783856551337,12.033525737857653,994.0642281776517,2.54816143390858,Sunny ☀️
38.79648184429082,41.22609100443736,43.71536670685403,1000.556363912969,12.785257663627256,Sunny ☀️
3.7560286315767355,68.12431034398593,41.53113802158956,991.7162532825264,1.5028590635517314,Cloudy ☁️
26.90408472900505,43.724792976474454,11.23286988208833,980.9825741373423,2.6840485265270053,Sunny ☀️
17.750008772182845,77.15393312569938,19.966629009961128,1023.9696528403598,12.895134531801858,Cloudy ☁️
34.72569017510021,80.72042260175448,20.483643464625956,1028.2804915690442,6.793212409628855,Cloudy ☁️
7.085991577895436,28.201277125317958,48.91103342632792,997.0785193515784,14.158956534023782,Sunny ☀️
27.70503808904658,61.108357136541414,9.044595068944917,996.9253439712736,11.148494893402841,Cloudy ☁️
33.52461158592441,60.71124444728447,39.957898555239105,980.3545906387186,5.120423461230262,Cloudy ☁️
37.78456877896093,49.54246161724328,16.709635708655497,1014.0125344165187,13.016559009786562,Sunny ☀️
27.329921131585834,94.63398900557377,36.54351728880802,1021.2719947874315,2.325473605857613,Cloudy ☁️
19.886990560337093,86.2005055898577,21.000550214783143,987.3304150180002,10.728207661600608,Rainy 🌧️
24.713889608048554,75.77675055277095,28.917988155827,987.9833174683575,8.742962100900693,Rainy 🌧️
34.756199379148725,77.14613085879981,41.63058866630656,1019.5041624985719,5.357471656348816,Cloudy ☁️
22.824389865553186,56.93729150504953,40.20827824919421,1010.8145374177072,12.080099954790002,Sunny ☀️
1.2154823878734744,93.67956168772606,43.321159176985006,982.2430278813858,17.42667184680565,Stormy ⛈️
37.23794782027911,75.56763418026283,2.980866267232951,1011.127349523114,19.978093995261535,Cloudy ☁️
27.581070041262446,78.31848493246531,34.602527651987245,995.4458861421883,12.15525537486849,Rainy 🌧️
27.06053543108986,88.93527230298761,6.999368836088143,998.4362577735423,8.094117486583404,Rainy 🌧️
8.627006095908687,41.925727147375284,20.79092840092055,1018.486570914844,4.5041420043240326,Cloudy ☁️
26.355418809306286,84.56567230933624,27.429420752734423,1020.5467596336305,5.141921787902235,Cloudy ☁️
15.75457622616634,35.61924823651936,20.136974237341537,1000.0178313419915,9.589099562995314,Sunny ☀️
26.049319081659682,47.627356179591025,25.980583790150373,1027.3576468003178,7.3455540256141845,Sunny ☀️
4.263721212319629,46.848836341587415,49.82631543993096,1000.3231358976036,18.276290452498884,Sunny ☀️
26.313812184121442,98.28203747113125,6.760865685642736,1018.5918017615055,7.365909353114191,Cloudy ☁️
39.97654903082666,88.52297789983415,33.77280226682128,1004.193863228213,7.468891822908709,Rainy 🌧️
1.9284815544222411,76.09358892722078,19.800048319280762,1024.876616326104,7.67069024867954,Cloudy ☁️
39.08696736885269,78.16454092923121,6.650489945366439,1025.388062182509,16.732404207353163,Cloudy ☁️
16.276318428914823,64.96582355220568,7.936838168715477,984.3708403935542,13.015766416938037,Cloudy ☁️
34.83013801349037,95.76725336868152,47.46365531228084,1026.8246665655113,12.283377006377854,Cloudy ☁️
31.29541936233094,59.70070023058892,43.9800748355881,1021.2767420760208,6.6828604476772435,Sunny ☀️
22.68065043946671,50.441416789591564,45.35209802075109,1019.5655357156334,16.35808353664879,Sunny ☀️
29.53796837005306,33.04282695452728,49.57663879136933,990.0455669842761,0.7672772271140227,Sunny ☀️
35.14062245205392,82.89645218088464,10.415769500425897,1020.2559604377333,17.415943446762263,Cloudy ☁️
16.165612866041318,78.75551456604731,17.771966868203087,1022.5066367342519,10.254997995878592,Cloudy ☁️
13.081326462529548,50.74840308193079,33.46095149624333,994.4575167227075,7.965004697268256,Sunny ☀️
26.70373542254339,22.01547311673835,24.19012699303236,1027.6130039181162,9.943345614353714,Sunny ☀️
32.31383767765034,87.11978621744086,20.919476668916676,982.4930073199582,13.348310610676622,Rainy 🌧️
30.49140539106463,20.91343867632589,17.890562466779652,987.495462662357,0.2553085303579472,Sunny ☀️
31.91254595434538,76.29598237032408,29.68903159717261,1006.8790569025757,17.431037129164956,Rainy 🌧️
17.42333259251732,97.62056877808456,28.7796714320041,1008.7896235561154,8.934790506227856,Rainy 🌧️
32.71336864700086,55.01290625185628,8.072891703212004,1012.2575041650451,6.859330394001564,Sunny ☀️
4.808362214824338,38.79787239967622,23.586991875921953,980.8484564657733,2.764911312681142,Cloudy ☁️
21.779563918433983,76.38968080347054,27.673588810492493,1028.0183387311065,8.789307487168843,Cloudy ☁️
0.23034641992486282,85.37025136124682,28.514346936569524,982.2294046367072,9.926455425687577,Rainy 🌧️
12.983433196010811,63.71442528622779,10.50535964561759,987.1530976361702,8.072933889869557,Cloudy ☁️
14.658461394855916,97.36282202049169,37.11356961261434,980.7007258763028,13.573201876537942,Stormy ⛈️
15.846907664370216,24.13349773263689,1.2599547410534817,1008.3429216647047,8.41793057518452,Sunny ☀️
27.81868826759449,60.38364786436225,17.741592777158132,1026.6133441960487,19.228351556931468,Cloudy ☁️
15.542324050813829,77.476315785804,39.010632426781676,1013.2973583040232,11.985550356471837,Cloudy ☁️
17.947744904901228,89.01123769193431,28.194646052770118,1021.1328734240213,16.14955871303818,Cloudy ☁️
9.5017652349731,34.340448952623206,13.058121625543013,980.664060172929,2.187118062189577,Cloudy ☁️
14.930071665173603,84.00027854109452,34.74765596715238,1007.1007649239863,7.9458258589181145,Rainy 🌧️
9.090785090526058,64.21656605748362,28.36954720780367,1002.9781488752761,6.736954028943054,Cloudy ☁️
2.9278369507377455,51.724294559197055,39.81218047281936,1004.9483972110396,11.389647762731837,Sunny ☀️
24.137943735255117,30.537202286327485,36.75125930949117,983.6106592667594,17.222270401228513,Sunny ☀️
26.72851194220065,89.223660712713,30.505396101811733,1014.2217680534653,1.5667643552401334,Cloudy ☁️
24.77961384038458,32.581856654377226,24.4088837655407,1005.1610207429317,1.4514959608942157,Sunny ☀️
18.539761752022894,44.78302873672794,6.65910628337617,1018.2574424930632,17.00635416315198,Sunny ☀️
15.191431207169192,43.20364255699495,13.066650894269188,1004.2645317030858,4.257001720767148,Cloudy ☁️
34.53334598287301,89.71312273526834,20.954973645854263,987.4690818113216,13.375065088996275,Rainy 🌧️
